商品名,URL,小分類,効能効果,特徴,エキス,生薬,添加物,1日容量,用法用量,使用上の注意,用法に関する注意
茵陳五苓散エキス細粒G「コタロー」,https://www.kegg.jp/medicus-bin/japic_otc?japic_code=J1001000004,茵陳五苓散,体力中等度以上をめやすとして、のどが渇いて、尿量が少ないものの次の諸症：じんましん、二日酔、むくみ、嘔吐,"口が渇き、尿量が減り、吐いたり、むくんだりする時によく用いられる漢方薬です。五苓散に茵ちん蒿（カワラヨモギの花穂）を加えた処方であることから、五苓散（口渇と尿量減少）の病態に肝胆の炎症（熱）を伴ったものによいといわれています。
　茵ちん五苓散エキス細粒G「コタロー」は、お酒の飲み過ぎによる二日酔、むくみのほか、皮膚にあらわれるじんましんなどにも用いられます。",水製エキス(3.4g),タクシャ(4.8g)、チョレイ(3.6g)、ビャクジュツ(3.6g)、ブクリョウ(3.6g)、インチンコウ(3.2g)、ケイヒ(2.4g),含水二酸化ケイ素、ステアリン酸マグネシウム、トウモロコシデンプン,3包(4.5g),"食前または食間に服用してください。
食間とは……食後2～3時間を指します。

［年齢：1回量：1日服用回数］
大人（15歳以上）：1包または1.5g：3回
15歳未満7歳以上：2／3包または1.0g：3回
7歳未満4歳以上：1／2包または0.75g：3回
4歳未満2歳以上：1／3包または0.5g：3回
2歳未満：1／4包または0.37g：3回

（大入り剤に添付のサジは、すり切り一杯で約0.6gです）","■してはいけないこと
（守らないと現在の症状が悪化したり、副作用が起こりやすくなります）
 

 次の人は服用しないでください
　生後3ヵ月未満の乳児。
 


 ■相談すること
 

 1．次の人は服用前に医師、薬剤師または登録販売者に相談してください
　（1）医師の治療を受けている人。
　（2）妊婦または妊娠していると思われる人。
　（3）今までに薬などにより発疹・発赤、かゆみ等を起こしたことがある人。
2．服用後、次の症状があらわれた場合は副作用の可能性がありますので、直ちに服用を中止し、この文書を持って医師、薬剤師または登録販売者に相談してください

［関係部位：症状］
皮膚：発疹・発赤、かゆみ

3．1ヵ月位（嘔吐、二日酔に服用する場合には5～6回）服用しても症状がよくならない場合は服用を中止し、この文書を持って医師、薬剤師または登録販売者に相談してください","（1）小児に服用させる場合には、保護者の指導監督のもとに服用させてください。
（2）1歳未満の乳児には、医師の診療を受けさせることを優先し、止むを得ない場合にのみ服用させてください。"
温清飲エキス細粒G「コタロー」,https://www.kegg.jp/medicus-bin/japic_otc?japic_code=J0901000507,温清飲,体力中等度で、皮膚はかさかさして色つやが悪く、のぼせるものの次の諸症：湿疹・皮膚炎、月経不順、月経困難、血の道症、更年期障害、神経症,"本剤は、漢方の古典「万病回春」（明代）収載の処方にもとづいてつくられたエキスを、細粒剤としたものです。
　温清飲エキス細粒G「コタロー」は、皮膚の色つやが悪く、のぼせを伴う方のイライラなどの精神不安や更年期障害、また皮膚がカサカサする湿疹、皮膚炎など、さらに月経不順、月経困難などの婦人病にも用いられます。",温清飲エキス(5.44g),ジオウ(3.2g)、トウキ(3.2g)、オウゴン(2.4g)、シャクヤク(2.4g)、センキュウ(2.4g)、サンシシ(1.6g)、オウバク(1.2g)、オウレン(1.2g),ステアリン酸マグネシウム、トウモロコシデンプン、乳糖水和物、プルラン、メタケイ酸アルミン酸マグネシウム,3包(9.6g),"食前または食間に服用してください。
食間とは……食後2～3時間を指します。

［年齢：1回量：1日服用回数］
大人（15歳以上）：1包または3.2g：3回
15歳未満7歳以上：2／3包または2.1g：3回
7歳未満4歳以上：1／2包または1.6g：3回
4歳未満2歳以上：1／3包または1.1g：3回
2歳未満：服用しないでください

（大入り剤に添付のサジは、すり切り一杯で約0.6gです）","■相談すること
 

 1．次の人は服用前に医師、薬剤師または登録販売者に相談してください
　（1）医師の治療を受けている人。
　（2）妊婦または妊娠していると思われる人。
　（3）胃腸が弱く下痢しやすい人。
2．服用後、次の症状があらわれた場合は副作用の可能性がありますので、直ちに服用を中止し、この文書を持って医師、薬剤師または登録販売者に相談してください

［関係部位：症状］
消化器：食欲不振、胃部不快感

　まれに次の重篤な症状が起こることがあります。その場合は直ちに医師の診療を受けてください。

［症状の名称：症状］
間質性肺炎：階段を上ったり、少し無理をしたりすると息切れがする・息苦しくなる、空せき、発熱等がみられ、これらが急にあらわれたり、持続したりする。
肝機能障害：発熱、かゆみ、発疹、黄疸（皮膚や白目が黄色くなる）、褐色尿、全身のだるさ、食欲不振等があらわれる。
腸間膜静脈硬化症：長期服用により、腹痛、下痢、便秘、腹部膨満等が繰り返しあらわれる。

3．服用後、次の症状があらわれることがありますので、このような症状の持続または増強が見られた場合には、服用を中止し、この文書を持って医師、薬剤師または登録販売者に相談してください
　下痢
4．1ヵ月位服用しても症状がよくならない場合は服用を中止し、この文書を持って医師、薬剤師または登録販売者に相談してください
5．長期連用する場合には、医師、薬剤師または登録販売者に相談してください",小児に服用させる場合には、保護者の指導監督のもとに服用させてください。
温胆湯エキス細粒G「コタロー」,https://www.kegg.jp/medicus-bin/japic_otc?japic_code=J0801000345,温胆湯,胃腸衰弱者の不眠・神経症,"日ごろから胃腸の働きが弱い方は、胃や体の中に水分がたまりがちです。そんな時に、イライラやストレスで熱が発生すると、たまった水分が粘り気を帯びた液体（熱痰）に変化すると言われています。不眠や不安、イライラ、胸苦しさなどの症状はこの熱痰が原因となっています。
　温胆湯エキス細粒G「コタロー」は、体の余分な水分や熱を取り除くことによって、心を落ち着かせ不安を解消し、不眠などの不快な症状を改善する薬です。",水製エキス(2.2g),ハンゲ(4.8g)、ブクリョウ(4.8g)、チンピ(2g)、チクジョ(1.6g)、キジツ(1.2g)、カンゾウ(0.8g)、ショウキョウ(0.6g),含水二酸化ケイ素、ステアリン酸マグネシウム、トウモロコシデンプン、粉末飴,3包(6g),"食前または食間に服用してください。
食間とは……食後2～3時間を指します。

［年齢：1回量：1日服用回数］
大人（15歳以上）：1包または2.0g：3回
15歳未満7歳以上：2／3包または1.3g：3回
7歳未満4歳以上：1／2包または1.0g：3回
4歳未満2歳以上：1／3包または0.7g：3回
2歳未満：1／4包または0.5g：3回

（大入り剤に添付のサジは、すり切り一杯で約0.6gです）","■してはいけないこと
（守らないと現在の症状が悪化したり、副作用が起こりやすくなります）
 

 次の人は服用しないでください
　生後3ヵ月未満の乳児。
 


 ■相談すること
 

 1．次の人は服用前に医師、薬剤師または登録販売者に相談してください
　（1）医師の治療を受けている人。
　（2）妊婦または妊娠していると思われる人。
　（3）今までに薬などにより発疹・発赤、かゆみ等を起こしたことがある人。
2．服用後、次の症状があらわれた場合は副作用の可能性がありますので、直ちに服用を中止し、この文書を持って医師、薬剤師または登録販売者に相談してください

［関係部位：症状］
皮膚：発疹・発赤、かゆみ

3．1ヵ月位（不眠症に服用する場合には1週間位）服用しても症状がよくならない場合は服用を中止し、この文書を持って医師、薬剤師または登録販売者に相談してください","（1）小児に服用させる場合には、保護者の指導監督のもとに服用させてください。
（2）1歳未満の乳児には、医師の診療を受けさせることを優先し、止むを得ない場合にのみ服用させてください。"
延年半夏湯エキス細粒G「コタロー」,https://www.kegg.jp/medicus-bin/japic_otc?japic_code=J1001000409,延年半夏湯,体力中等度で、みぞおちに抵抗感があって、肩がこり、足が冷えるものの次の諸症：慢性胃炎、胃痛、食欲不振,延年半夏湯エキス細粒G「コタロー」は慢性胃炎の漢方薬のひとつで、足が冷える、背中が痛くてだるい、肩がこる、みぞおちがつかえて痛いなどを訴える時に用いるとよいといわれています。特に、足冷え以外の症状は、胃があるからだの左側に出ることが多い。このような条件を投与目標にして用いると、胃痛や胃炎に奏効する漢方薬です。,水製エキス(3.3g),ハンゲ(4g)、キキョウ(2.4g)、サイコ(2.4g)、ドベッコウ(2.4g)、ビンロウジ(2.4g)、ニンジン(1.6g)、キジツ(0.8g)、ゴシュユ(0.8g)、ショウキョウ(0.8g),含水二酸化ケイ素、ステアリン酸マグネシウム、トウモロコシデンプン,3包(4.5g),"食前または食間に服用してください。
食間とは……食後2～3時間を指します。

［年齢：1回量：1日服用回数］
大人（15歳以上）：1包または1.5g：3回
15歳未満7歳以上：2／3包または1.0g：3回
7歳未満4歳以上：1／2包または0.75g：3回
4歳未満2歳以上：1／3包または0.5g：3回
2歳未満：1／4包または0.38g：3回

（大入り剤に添付のサジは、すり切り一杯で約0.6gです）","■してはいけないこと
（守らないと現在の症状が悪化したり、副作用が起こりやすくなります）
 

 次の人は服用しないでください
　生後3ヵ月未満の乳児。
 


 ■相談すること
 

 1．次の人は服用前に医師、薬剤師または登録販売者に相談してください
　（1）医師の治療を受けている人。
　（2）妊婦または妊娠していると思われる人。
　（3）今までに薬などにより発疹・発赤、かゆみ等を起こしたことがある人。
2．服用後、次の症状があらわれた場合は副作用の可能性がありますので、直ちに服用を中止し、この文書を持って医師、薬剤師または登録販売者に相談してください

［関係部位：症状］
皮膚：発疹・発赤、かゆみ

3．1ヵ月位（胃痛に服用する場合には1週間位）服用しても症状がよくならない場合は服用を中止し、この文書を持って医師、薬剤師または登録販売者に相談してください","（1）小児に服用させる場合には、保護者の指導監督のもとに服用させてください。
（2）1歳未満の乳児には、医師の診療を受けさせることを優先し、止むを得ない場合にのみ服用させてください。"
黄耆建中湯エキス細粒G「コタロー」,https://www.kegg.jp/medicus-bin/japic_otc?japic_code=J1201000291,黄耆建中湯,体力虚弱で、疲労しやすいものの次の諸症：虚弱体質、病後の衰弱、ねあせ、湿疹・皮膚炎、皮膚のただれ、腹痛、冷え症,"体力が低下して、疲労しやすい状態（漢方では虚労という）では、皮膚も内臓も弱って、症状としては皮膚の働きを上手にコントロールできず、汗をかきやすくなったり、また腹部の緊張と冷えのため、腹痛を訴えたりすることがあります。
　黄耆建中湯エキス細粒G「コタロー」は、このような体内エネルギーの消耗を防ぎ、皮膚や消化器の働きを改善するのに用いられます。抵抗力がない方の湿疹・皮膚炎ほか、床ずれなど皮膚のただれにも効果があります。",エキス散(4.5g),コウイ(16g)、シャクヤク(4.8g)、オウギ(3.2g)、ケイヒ(3.2g)、タイソウ(3.2g)、カンゾウ(1.6g)、ショウキョウ(0.8g),含水二酸化ケイ素、ステアリン酸マグネシウム、トウモロコシデンプン,6包(24g),"食前または食間に服用してください。
食間とは……食後2～3時間を指します。

［年齢：1回量：1日服用回数］
大人（15歳以上）：2包または8.0g：3回
15歳未満7歳以上：1包と1／3包または5.3g：3回
7歳未満4歳以上：1包または4.0g：3回
4歳未満2歳以上：2／3包または2.7g：3回
2歳未満：1／2包または2.0g：3回

（大入り剤に添付のサジは、すり切り一杯で約0.6gです）","■してはいけないこと
（守らないと現在の症状が悪化したり、副作用が起こりやすくなります）
 

 次の人は服用しないでください
　生後3ヵ月未満の乳児。
 


 ■相談すること
 

 1．次の人は服用前に医師、薬剤師または登録販売者に相談してください
　（1）医師の治療を受けている人。
　（2）妊婦または妊娠していると思われる人。
　（3）高齢者。
　（4）今までに薬などにより発疹・発赤、かゆみ等を起こしたことがある人。
　（5）次の症状のある人。
　　むくみ
　（6）次の診断を受けた人。
　　高血圧、心臓病、腎臓病
2．服用後、次の症状があらわれた場合は副作用の可能性がありますので、直ちに服用を中止し、この文書を持って医師、薬剤師または登録販売者に相談してください

［関係部位：症状］
皮膚：発疹・発赤、かゆみ

　まれに次の重篤な症状が起こることがあります。その場合は直ちに医師の診療を受けてください。

［症状の名称：症状］
偽アルドステロン症：手足のだるさ、しびれ、つっぱり感やこわばりに加えて、脱力感、筋肉痛があらわれ、徐々に強くなる。
ミオパチー：手足のだるさ、しびれ、つっぱり感やこわばりに加えて、脱力感、筋肉痛があらわれ、徐々に強くなる。

3．1ヵ月位服用しても症状がよくならない場合は服用を中止し、この文書を持って医師、薬剤師または登録販売者に相談してください
4．長期連用する場合には、医師、薬剤師または登録販売者に相談してください","（1）小児に服用させる場合には、保護者の指導監督のもとに服用させてください。
（2）1歳未満の乳児には、医師の診療を受けさせることを優先し、止むを得ない場合にのみ服用させてください。
（3）本剤は1回服用量が多いため、薬剤がのどにつかえることのないよう一度に飲み込むことのできる量に調節して服用するなど、よく注意してください。"
黄連阿膠湯エキス細粒G「コタロー」,https://www.kegg.jp/medicus-bin/japic_otc?japic_code=J1801000198,黄連阿膠湯,体力中等度以下で、冷えやすくのぼせ気味で胸苦しく不眠の傾向のあるものの次の諸症：かさかさした湿疹・皮膚炎、皮膚のかゆみ、不眠症、鼻血,黄連阿膠湯エキス細粒G「コタロー」は、湿疹・皮膚炎、皮膚のかゆみ、不眠症などに用いられる漢方薬です。小さく赤みを帯びて乾燥した発疹があり、皮膚のかゆみ、のぼせ感や胸苦しさにより眠れない方に効果がある処方です。,エキス散(6.8g),ランオウ末(4.8g)、オウレン(3.2g)、ゼラチン(2.4g)、オウゴン(1.6g)、シャクヤク(1.6g),含水二酸化ケイ素、軽質無水ケイ酸、ステアリン酸マグネシウム、アメ粉,3包(10.5g),"食前または食間に服用してください。
食間とは……食後2～3時間を指します。

［年齢：1回量：1日服用回数］
大人（15歳以上）：1包または3.5g：3回
15歳未満7歳以上：2／3包または2.3g：3回
7歳未満4歳以上：1／2包または1.8g：3回
4歳未満2歳以上：1／3包または1.2g：3回
2歳未満：1／4包または0.9g：3回

（大入り剤に添付のサジは、すり切り一杯で約0.6gです）","■してはいけないこと
（守らないと現在の症状が悪化したり、副作用が起こりやすくなります）
 

 次の人は服用しないでください
　（1）生後3ヵ月未満の乳児。
　（2）本剤または鶏卵によるアレルギー症状を起こしたことがある人。
 


 ■相談すること
 

 1．次の人は服用前に医師、薬剤師または登録販売者に相談してください
　（1）医師の治療を受けている人。
　（2）妊婦または妊娠していると思われる人。
2．服用後、次の症状があらわれた場合は副作用の可能性がありますので、直ちに服用を中止し、この文書を持って医師、薬剤師または登録販売者に相談してください

［関係部位：症状］
消化器：食欲不振、胃部不快感

3．服用後、次の症状があらわれることがありますので、このような症状の持続または増強が見られた場合には、服用を中止し、この文書を持って医師、薬剤師または登録販売者に相談してください
　下痢
4．1ヵ月位（鼻血に服用する場合には5～6回）服用しても症状がよくならない場合は服用を中止し、この文書を持って医師、薬剤師または登録販売者に相談してください","（1）小児に服用させる場合には、保護者の指導監督のもとに服用させてください。
（2）1歳未満の乳児には、医師の診療を受けさせることを優先し、止むを得ない場合にのみ服用させてください。"
黄連解毒湯エキス細粒G「コタロー」,https://www.kegg.jp/medicus-bin/japic_otc?japic_code=J0901000508,黄連解毒湯,体力中等度以上で、のぼせ気味で顔色赤く、いらいらして落ち着かない傾向のあるものの次の諸症：鼻出血、不眠症、神経症、胃炎、二日酔、血の道症、めまい、動悸、更年期障害、湿疹・皮膚炎、皮膚のかゆみ、口内炎,"本剤は、漢方の古典「外台秘要」（唐代）収載の処方にもとづいてつくられたエキスを、細粒剤としたものです。
　黄連解毒湯エキス細粒G「コタロー」は、顔がのぼせたり、熱（漢方でいう実熱）のため皮膚のかゆみを訴える方に用いられ、イライラする、怒りっぽい、頭がさえて眠れないといった症状にも効果があります。また、二日酔や口内炎、鼻出血のように一時的に漢方でいう「熱」の症状がおこる場合にも適しています。",黄連解毒湯エキス(1.44g),オウゴン(2.4g)、サンシシ(1.6g)、オウバク(1.2g)、オウレン(1.2g),ステアリン酸マグネシウム、トウモロコシデンプン、乳糖水和物、プルラン、メタケイ酸アルミン酸マグネシウム,3包(4.8g),"食前または食間に服用してください。
食間とは……食後2～3時間を指します。

［年齢：1回量：1日服用回数］
大人（15歳以上）：1包または1.6g：3回
15歳未満7歳以上：2／3包または1.1g：3回
7歳未満4歳以上：1／2包または0.8g：3回
4歳未満2歳以上：1／3包または0.5g：3回
2歳未満：1／4包または0.4g：3回

（大入り剤に添付のサジは、すり切り一杯で約0.6gです）","■してはいけないこと
（守らないと現在の症状が悪化したり、副作用が起こりやすくなります）
 

 次の人は服用しないでください
　生後3ヵ月未満の乳児。
 


 ■相談すること
 

 1．次の人は服用前に医師、薬剤師または登録販売者に相談してください
　（1）医師の治療を受けている人。
　（2）妊婦または妊娠していると思われる人。
　（3）体の虚弱な人（体力の衰えている人、体の弱い人）。
2．服用後、次の症状があらわれた場合は副作用の可能性がありますので、直ちに服用を中止し、この文書を持って医師、薬剤師または登録販売者に相談してください
　まれに次の重篤な症状が起こることがあります。その場合は直ちに医師の診療を受けてください。

［症状の名称：症状］
間質性肺炎：階段を上ったり、少し無理をしたりすると息切れがする・息苦しくなる、空せき、発熱等がみられ、これらが急にあらわれたり、持続したりする。
肝機能障害：発熱、かゆみ、発疹、黄疸（皮膚や白目が黄色くなる）、褐色尿、全身のだるさ、食欲不振等があらわれる。
腸間膜静脈硬化症：長期服用により、腹痛、下痢、便秘、腹部膨満等が繰り返しあらわれる。

3．1ヵ月位（鼻出血、二日酔に服用する場合には5～6回）服用しても症状がよくならない場合は服用を中止し、この文書を持って医師、薬剤師または登録販売者に相談してください
4．長期連用する場合には、医師、薬剤師または登録販売者に相談してください","（1）小児に服用させる場合には、保護者の指導監督のもとに服用させてください。
（2）1歳未満の乳児には、医師の診療を受けさせることを優先し、止むを得ない場合にのみ服用させてください。"
藿香正気散エキス細粒G「コタロー」,https://www.kegg.jp/medicus-bin/japic_otc?japic_code=J0801000346,藿香正気散,夏の感冒、暑さによる食欲不振・下痢・全身倦怠,"かっ香正気散エキス細粒G「コタロー」は、とくに夏季に寝冷えをしたとか、冷房・扇風機にあたり過ぎて頭痛、発熱してかぜをひいた場合とか、胃腸の調子がくるって食欲を失い、お腹が痛い、下痢をするといった場合に使われる漢方薬で、「湿邪」の障害を取り除く働きがあります。
　また冷たいもの、なま物の飲食が過ぎてむかむかする、食欲がない、全身が重だるい、下痢をするといった場合にも用いられます。",水製エキス(7g),カッコウ(3.2g)、ソヨウ(3.2g)、ダイフクヒ(3.2g)、ビャクシ(3.2g)、ブクリョウ(3.2g)、キキョウ(2.4g)、コウボク(2.4g)、タイソウ(2.4g)、チンピ(2.4g)、ハンゲ(2.4g)、ビャクジュツ(2.4g)、カンゾウ(1.2g)、ショウキョウ(0.6g),含水二酸化ケイ素、ステアリン酸マグネシウム、トウモロコシデンプン,3包(9g),"食前または食間に服用してください。
食間とは……食後2～3時間を指します。

［年齢：1回量：1日服用回数］
大人（15歳以上）：1包または3.0g：3回
15歳未満7歳以上：2／3包または2.0g：3回
7歳未満4歳以上：1／2包または1.5g：3回
4歳未満2歳以上：1／3包または1.0g：3回
2歳未満：1／4包または0.75g：3回

（大入り剤に添付のサジは、すり切り一杯で約0.6gです）","■してはいけないこと
（守らないと現在の症状が悪化したり、副作用が起こりやすくなります）
 

 次の人は服用しないでください
　生後3ヵ月未満の乳児。
 


 ■相談すること
 

 1．次の人は服用前に医師、薬剤師または登録販売者に相談してください
　（1）医師の治療を受けている人。
　（2）妊婦または妊娠していると思われる人。
　（3）高齢者。
　（4）今までに薬などにより発疹・発赤、かゆみ等を起こしたことがある人。
　（5）次の症状のある人。
　　むくみ
　（6）次の診断を受けた人。
　　高血圧、心臓病、腎臓病
2．服用後、次の症状があらわれた場合は副作用の可能性がありますので、直ちに服用を中止し、この文書を持って医師、薬剤師または登録販売者に相談してください

［関係部位：症状］
皮膚：発疹・発赤、かゆみ

　まれに次の重篤な症状が起こることがあります。その場合は直ちに医師の診療を受けてください。

［症状の名称：症状］
偽アルドステロン症：手足のだるさ、しびれ、つっぱり感やこわばりに加えて、脱力感、筋肉痛があらわれ、徐々に強くなる。
ミオパチー：手足のだるさ、しびれ、つっぱり感やこわばりに加えて、脱力感、筋肉痛があらわれ、徐々に強くなる。

3．1ヵ月位（急性胃腸炎、下痢に服用する場合には5～6回、感冒に服用する場合には5～6日間）服用しても症状がよくならない場合は服用を中止し、この文書を持って医師、薬剤師または登録販売者に相談してください
4．長期連用する場合には、医師、薬剤師または登録販売者に相談してください","（1）小児に服用させる場合には、保護者の指導監督のもとに服用させてください。
（2）1歳未満の乳児には、医師の診療を受けさせることを優先し、止むを得ない場合にのみ服用させてください。"
葛根黄連黄芩湯エキス細粒G「コタロー」,https://www.kegg.jp/medicus-bin/japic_otc?japic_code=J1101000276,葛根黄連黄芩湯,体力中等度のものの次の諸症：急性胃腸炎、下痢、口内炎、舌炎、肩こり、不眠,"漢方では、寒けがしたり、発熱したり、肩がこったり、症状が体表部にあらわれている場合を「表証」といいます。また、炎症がさらに体の深部に進行して胃腸炎を起こしたり、下したりする症状を「裏証」といいます。
　葛根黄連黄ごん湯エキス細粒G「コタロー」は、かぜなどによる寒けや発熱などの症状がまだ残っているのに、消化器症状が発生する時に用いる代表的な漢方薬です。胃腸の炎症が原因で発生する口内炎、舌炎をはじめ、熱による不眠症にも応用されています。",水製エキス(2.4g),カッコン(4.8g)、オウゴン(2.4g)、オウレン(2.4g)、カンゾウ(1.6g),含水二酸化ケイ素、ステアリン酸マグネシウム、トウモロコシデンプン、アメ粉,3包(4.5g),"食前または食間に服用してください。
食間とは……食後2～3時間を指します。

［年齢：1回量：1日服用回数］
大人（15歳以上）：1包または1.5g：3回
15歳未満7歳以上：2／3包または1.0g：3回
7歳未満4歳以上：1／2包または0.75g：3回
4歳未満2歳以上：1／3包または0.5g：3回
2歳未満：1／4包または0.37g：3回

（大入り剤に添付のサジは、すり切り一杯で約0.6gです）","■してはいけないこと
（守らないと現在の症状が悪化したり、副作用が起こりやすくなります）
 

 次の人は服用しないでください
　生後3ヵ月未満の乳児。
 


 ■相談すること
 

 1．次の人は服用前に医師、薬剤師または登録販売者に相談してください
　（1）医師の治療を受けている人。
　（2）妊婦または妊娠していると思われる人。
　（3）高齢者。
　（4）次の症状のある人。
　　むくみ
　（5）次の診断を受けた人。
　　高血圧、心臓病、腎臓病
2．服用後、次の症状があらわれた場合は副作用の可能性がありますので、直ちに服用を中止し、この文書を持って医師、薬剤師または登録販売者に相談してください
　まれに次の重篤な症状が起こることがあります。その場合は直ちに医師の診療を受けてください。

［症状の名称：症状］
偽アルドステロン症：手足のだるさ、しびれ、つっぱり感やこわばりに加えて、脱力感、筋肉痛があらわれ、徐々に強くなる。
ミオパチー：手足のだるさ、しびれ、つっぱり感やこわばりに加えて、脱力感、筋肉痛があらわれ、徐々に強くなる。

3．1週間位（急性胃腸炎に服用する場合には5～6回）服用しても症状がよくならない場合は服用を中止し、この文書を持って医師、薬剤師または登録販売者に相談してください
4．長期連用する場合には、医師、薬剤師または登録販売者に相談してください","（1）小児に服用させる場合には、保護者の指導監督のもとに服用させてください。
（2）1歳未満の乳児には、医師の診療を受けさせることを優先し、止むを得ない場合にのみ服用させてください。"
葛根湯エキス細粒G「コタロー」,https://www.kegg.jp/medicus-bin/japic_otc?japic_code=J0801000347,葛根湯,感冒、鼻かぜ、頭痛、肩こり、筋肉痛、手や肩の痛み,"かぜはひきはじめが肝心で、この時期に十分な静養をとるなどして治してしまうことが大切です。
　葛根湯エキス細粒G「コタロー」は、かぜの初期に使われる代表的な漢方薬で鼻がグズグズしてかぜをひいたかなと思ったとき、背すじ・首すじがこり、ゾクゾクする寒けや頭痛があり、熱はあるが汗は出ていないといったときに効果があります。
　また肩こりにも用いられる漢方薬です。",葛根湯エキス(3.84g),カッコン(3.2g)、マオウ(3.2g)、タイソウ(2.4g)、カンゾウ(1.6g)、ケイヒ(1.6g)、シャクヤク(1.6g)、ショウキョウ(0.8g),ステアリン酸マグネシウム、トウモロコシデンプン、乳糖水和物、プルラン、メタケイ酸アルミン酸マグネシウム,3包(6g),"食前または食間に服用してください。
食間とは……食後2～3時間を指します。

［年齢：1回量：1日服用回数］
大人（15歳以上）：1包：3回
15歳未満7歳以上：2／3包：3回
7歳未満4歳以上：1／2包：3回
4歳未満2歳以上：1／3包：3回
2歳未満：1／4包：3回","■してはいけないこと
（守らないと現在の症状が悪化したり、副作用が起こりやすくなります）
 

 次の人は服用しないでください
　生後3ヵ月未満の乳児。
 


 ■相談すること
 

 1．次の人は服用前に医師、薬剤師または登録販売者に相談してください
　（1）医師の治療を受けている人。
　（2）妊婦または妊娠していると思われる人。
　（3）体の虚弱な人（体力の衰えている人、体の弱い人）。
　（4）胃腸の弱い人。
　（5）発汗傾向の著しい人。
　（6）高齢者。
　（7）今までに薬などにより発疹・発赤、かゆみ等を起こしたことがある人。
　（8）次の症状のある人。
　　むくみ、排尿困難
　（9）次の診断を受けた人。
　　高血圧、心臓病、腎臓病、甲状腺機能障害
2．服用後、次の症状があらわれた場合は副作用の可能性がありますので、直ちに服用を中止し、この文書を持って医師、薬剤師または登録販売者に相談してください

［関係部位：症状］
皮膚：発疹・発赤、かゆみ
消化器：吐き気、食欲不振、胃部不快感

　まれに次の重篤な症状が起こることがあります。その場合は直ちに医師の診療を受けてください。

［症状の名称：症状］
偽アルドステロン症：手足のだるさ、しびれ、つっぱり感やこわばりに加えて、脱力感、筋肉痛があらわれ、徐々に強くなる。
ミオパチー：手足のだるさ、しびれ、つっぱり感やこわばりに加えて、脱力感、筋肉痛があらわれ、徐々に強くなる。
肝機能障害：発熱、かゆみ、発疹、黄疸（皮膚や白目が黄色くなる）、褐色尿、全身のだるさ、食欲不振等があらわれる。

3．1ヵ月位（感冒の初期、鼻かぜ、頭痛に服用する場合には5～6回）服用しても症状がよくならない場合は服用を中止し、この文書を持って医師、薬剤師または登録販売者に相談してください
4．長期連用する場合には、医師、薬剤師または登録販売者に相談してください","（1）小児に服用させる場合には、保護者の指導監督のもとに服用させてください。
（2）1歳未満の乳児には、医師の診療を受けさせることを優先し、止むを得ない場合にのみ服用させてください。"
加味逍遙散エキス細粒G「コタロー」,https://www.kegg.jp/medicus-bin/japic_otc?japic_code=J0801000348,加味逍遙散,体力中等度以下で、のぼせ感があり、肩がこり、疲れやすく、精神不安やいらだちなどの精神神経症状、ときに便秘の傾向のあるものの次の諸症：冷え症、虚弱体質、不眠症、更年期障害、月経不順、月経困難、血の道症,"昨今の社会生活では、ゆとりを持つことが難しく、冷えや便通などを我慢しがちです。こういった積み重ねからリズムをくずし、肩がこる、疲れやすい、落ち着きがなくなるといったいわゆる不定愁訴に悩む方が増えています。
　加味逍遙散エキス細粒G「コタロー」は、生理不順、月経困難といった女性特有の症状のほか、冷え症に効果があります。また、不眠症や更年期障害にも用いられます。",加味逍遙散エキス(4g),サイコ(2.4g)、シャクヤク(2.4g)、トウキ(2.4g)、ビャクジュツ(2.4g)、ブクリョウ(2.4g)、カンゾウ(1.6g)、サンシシ(1.6g)、ボタンピ(1.6g)、ショウキョウ(0.8g)、ハッカ(0.8g),ステアリン酸マグネシウム、トウモロコシデンプン、乳糖水和物、プルラン、メタケイ酸アルミン酸マグネシウム,3包(6g),"食前または食間に服用してください。
食間とは……食後2～3時間を指します。

［年齢：1回量：1日服用回数］
大人（15歳以上）：1包または2.0g：3回
15歳未満7歳以上：2／3包または1.3g：3回
7歳未満4歳以上：1／2包または1.0g：3回
4歳未満：服用しないでください

（大入り剤に添付のサジは、すり切り一杯で約0.6gです）","■相談すること
 

 1．次の人は服用前に医師、薬剤師または登録販売者に相談してください
　（1）医師の治療を受けている人。
　（2）妊婦または妊娠していると思われる人。
　（3）胃腸の弱い人。
　（4）高齢者。
　（5）今までに薬などにより発疹・発赤、かゆみ等を起こしたことがある人。
　（6）次の症状のある人。
　　むくみ
　（7）次の診断を受けた人。
　　高血圧、心臓病、腎臓病
2．服用後、次の症状があらわれた場合は副作用の可能性がありますので、直ちに服用を中止し、この文書を持って医師、薬剤師または登録販売者に相談してください

［関係部位：症状］
皮膚：発疹・発赤、かゆみ
消化器：吐き気・嘔吐、食欲不振、胃部不快感

　まれに次の重篤な症状が起こることがあります。その場合は直ちに医師の診療を受けてください。

［症状の名称：症状］
偽アルドステロン症：手足のだるさ、しびれ、つっぱり感やこわばりに加えて、脱力感、筋肉痛があらわれ、徐々に強くなる。
ミオパチー：手足のだるさ、しびれ、つっぱり感やこわばりに加えて、脱力感、筋肉痛があらわれ、徐々に強くなる。
肝機能障害：発熱、かゆみ、発疹、黄疸（皮膚や白目が黄色くなる）、褐色尿、全身のだるさ、食欲不振等があらわれる。
腸間膜静脈硬化症：長期服用により、腹痛、下痢、便秘、腹部膨満等が繰り返しあらわれる。

3．服用後、次の症状があらわれることがありますので、このような症状の持続または増強が見られた場合には、服用を中止し、この文書を持って医師、薬剤師または登録販売者に相談してください
　下痢
4．1ヵ月位服用しても症状がよくならない場合は服用を中止し、この文書を持って医師、薬剤師または登録販売者に相談してください
5．長期連用する場合には、医師、薬剤師または登録販売者に相談してください",小児に服用させる場合には、保護者の指導監督のもとに服用させてください。
加味平胃散エキス細粒G「コタロー」,https://www.kegg.jp/medicus-bin/japic_otc?japic_code=J1101000336,加味平胃散,体力中等度で、胃がもたれて食欲がなく、ときに胸やけがあるものの次の諸症：消化不良、腹部膨満感、食欲不振、胃腸虚弱、急・慢性胃炎,"普段は胃腸の働きは悪くないが、食べ過ぎ飲み過ぎなどによって急性胃腸炎を起こしたものに、最もよく使用される漢方です。胃内に食毒と水毒が停滞しているのを平らかにするという意味で、平胃散という名が付けられました。
　加味平胃散エキス細粒G「コタロー」は、平胃散をさらに強化したもので、暴飲暴食による胃のもたれに、あるいは腹部膨満感や腹痛、胃痛を伴うものによいと考えられています。また、慢性胃炎で食後腹鳴がおこり、下痢するがかえってさっぱりするものに適しています。胃部に水分停滞感があり、みぞおちがはって食欲が進まない時などにも用いられます。",水製エキス(4.1g),ソウジュツ(3.2g)、コウボク(2.4g)、チンピ(2.4g)、サンザシ(1.6g)、シンキク(1.6g)、タイソウ(1.6g)、バクガ(1.6g)、カンゾウ(0.8g)、ショウキョウ(0.8g),含水二酸化ケイ素、ステアリン酸マグネシウム、トウモロコシデンプン、アメ粉,3包(6g),"食前または食間に服用してください。
食間とは……食後2～3時間を指します。

［年齢：1回量：1日服用回数］
大人（15歳以上）：1包または2.0g：3回
15歳未満7歳以上：2／3包または1.3g：3回
7歳未満4歳以上：1／2包または1.0g：3回
4歳未満2歳以上：1／3包または0.7g：3回
2歳未満：1／4包または0.5g：3回

（大入り剤に添付のサジは、すり切り一杯で約0.6gです）","■してはいけないこと
（守らないと現在の症状が悪化したり、副作用が起こりやすくなります）
 

 次の人は服用しないでください
　生後3ヵ月未満の乳児。
 


 ■相談すること
 

 1．次の人は服用前に医師、薬剤師または登録販売者に相談してください
　（1）医師の治療を受けている人。
　（2）妊婦または妊娠していると思われる人。
　（3）今までに薬などにより発疹・発赤、かゆみ等を起こしたことがある人。
2．服用後、次の症状があらわれた場合は副作用の可能性がありますので、直ちに服用を中止し、この文書を持って医師、薬剤師または登録販売者に相談してください

［関係部位：症状］
皮膚：発疹・発赤、かゆみ

3．1ヵ月位（急性胃炎に服用する場合には5～6回）服用しても症状がよくならない場合は服用を中止し、この文書を持って医師、薬剤師または登録販売者に相談してください","（1）小児に服用させる場合には、保護者の指導監督のもとに服用させてください。
（2）1歳未満の乳児には、医師の診療を受けさせることを優先し、止むを得ない場合にのみ服用させてください。"
環元清血飲エキス細粒G「コタロー」,https://www.kegg.jp/medicus-bin/japic_otc?japic_code=J1101000268,生薬製剤,中年以降又は高血圧傾向のあるものの次の諸症：頭痛、頭重、肩こり、めまい、動悸,"中高年の方や高血圧の傾向のある方は、頭痛や頭重、肩こり、めまい、動悸に悩んでおられることがよくあります。これらの症状は、体の血液のめぐりが悪くてうまく流れないために起きる症状（お血）と考えられています。
　環元清血飲エキス細粒G「コタロー」は、体の血液の循環をよくすることを目的に、中国で開発された薬をベースとした処方で、お血による頭痛、頭重、肩こり、めまい、動悸などの症状の改善に用います。",水製エキス(4.5g),タンジン(4.5g)、コウカ(2.25g)、シャクヤク(2.25g)、センキュウ(2.25g)、コウブシ(1.125g)、モッコウ(1.125g),含水二酸化ケイ素、ステアリン酸マグネシウム、アメ粉,3包(6g),"食間に服用してください。
食間とは……食後2～3時間を指します。

［年齢：1回量：1日服用回数］
成人（15歳以上）：1包または2.0g：3回
15歳未満：服用しないでください

（大入り剤に添付のサジは、すり切り一杯で約0.6gです）","■相談すること
 

 1．次の人は服用前に医師、薬剤師または登録販売者に相談してください
　（1）医師の治療を受けている人。
　（2）妊婦または妊娠していると思われる人。
　（3）今までに薬などにより発疹・発赤、かゆみ等を起こしたことがある人。
2．服用後、次の症状があらわれた場合は副作用の可能性がありますので、直ちに服用を中止し、この文書を持って医師、薬剤師または登録販売者に相談してください

［関係部位：症状］
皮膚：発疹・発赤、かゆみ
消化器：下痢、吐き気、嘔吐、食欲不振、胃痛、腹部膨満感
その他：異常出血、動悸、のぼせ、ほてり、ふらつき

3．1ヵ月位服用しても症状がよくならない場合は服用を中止し、この文書を持って医師、薬剤師または登録販売者に相談してください
4．長期連用する場合には、医師、薬剤師または登録販売者に相談してください","（1）定められた用法・用量を厳守してください。
（2）本剤は、15歳未満の小児に服用させないでください。"
環元清血飲エキス錠N「コタロー」,https://www.kegg.jp/medicus-bin/japic_otc?japic_code=J1401000183,生薬製剤,中年以降又は高血圧傾向のあるものの次の諸症：頭痛、頭重、肩こり、めまい、動悸,"中高年の方や高血圧の傾向のある方は、頭痛や頭重、肩こり、めまい、動悸に悩んでおられることがよくあります。これらの症状は、体の血液のめぐりが悪くてうまく流れないために起きる症状（お血）と考えられています。
　環元清血飲エキス錠N「コタロー」は、体の血液の循環をよくすることを目的に、中国で開発された薬をベースとした処方で、お血による頭痛、頭重、肩こり、めまい、動悸などの症状の改善に用います。",エキス散(5.4g),タンジン(4.5g)、コウカ(2.25g)、シャクヤク(2.25g)、センキュウ(2.25g)、コウブシ(1.125g)、モッコウ(1.125g),カルメロースカルシウム(CMC-Ca)、含水二酸化ケイ素、クロスカルメロースナトリウム(クロスCMC-Na)、軽質無水ケイ酸、ステアリン酸マグネシウム、トウモロコシデンプン、アメ粉,24錠,"食間に服用してください。
食間とは……食後2～3時間を指します。

［年齢：1回量：1日服用回数］
成人（15歳以上）：8錠：3回
15歳未満：服用しないでください","■相談すること
 

 1．次の人は服用前に医師、薬剤師または登録販売者に相談してください
　（1）医師の治療を受けている人。
　（2）妊婦または妊娠していると思われる人。
　（3）今までに薬などにより発疹・発赤、かゆみ等を起こしたことがある人。
2．服用後、次の症状があらわれた場合は副作用の可能性がありますので、直ちに服用を中止し、この文書を持って医師、薬剤師または登録販売者に相談してください

［関係部位：症状］
皮膚：発疹・発赤、かゆみ
消化器：下痢、吐き気、嘔吐、食欲不振、胃痛、腹部膨満感
その他：異常出血、動悸、のぼせ、ほてり、ふらつき

3．1ヵ月位服用しても症状がよくならない場合は服用を中止し、この文書を持って医師、薬剤師または登録販売者に相談してください
4．長期連用する場合には、医師、薬剤師または登録販売者に相談してください","（1）定められた用法・用量を厳守してください。
（2）本剤は、15歳未満の小児に服用させないでください。"
甘露飲エキス細粒G「コタロー」,https://www.kegg.jp/medicus-bin/japic_otc?japic_code=J1301000093,甘露飲,体力中等度以下のものの次の諸症：口内炎、舌のあれや痛み、歯周炎,"口腔は食事や呼吸、発声などが行われ外部と接しているため、口臭を気にする現代人では、歯ブラシや口腔洗浄液などを使ってオーラルケア（口腔内の手入れ）を熱心に行う方が多くなってきました。口腔内のトラブルは単に口腔粘膜や舌苔、歯や歯茎などの疾患に限らず、上部消化器疾患や呼吸器疾患などによる二次的な疾患の場合もありますので、原因疾患をしっかりと治すことも大切です。
　口腔内のトラブルでよくみられるのが、口内炎や舌の荒れそして歯茎の腫れです。
　このような口腔内の炎症を鎮めてくれるのが甘露飲エキス細粒G「コタロー」です。口内炎がよくできる人、舌が荒れて痛い、歯茎が腫れるなどの症状を改善する効果があります。",水製エキス(6.3g),ジオウ(4g)、インチンコウ(2g)、オウゴン(2g)、カンゾウ(2g)、キジツ(2g)、セッコク(2g)、テンモンドウ(2g)、バクモンドウ(2g)、ビワヨウ(2g),含水二酸化ケイ素、ステアリン酸マグネシウム,3包(7.5g),"食前または食間に服用してください。
食間とは……食後2～3時間を指します。

［年齢：1回量：1日服用回数］
大人（15歳以上）：1包または2.5g：3回
15歳未満7歳以上：2／3包または1.7g：3回
7歳未満4歳以上：1／2包または1.3g：3回
4歳未満2歳以上：1／3包または0.8g：3回
2歳未満：1／4包または0.6g：3回

（大入り剤に添付のサジは、すり切り一杯で約0.6gです）","■してはいけないこと
（守らないと現在の症状が悪化したり、副作用が起こりやすくなります）
 

 次の人は服用しないでください
　生後3ヵ月未満の乳児。
 


 ■相談すること
 

 1．次の人は服用前に医師、歯科医師、薬剤師または登録販売者に相談してください
　（1）医師、歯科医師の治療を受けている人。
　（2）妊婦または妊娠していると思われる人。
　（3）胃腸の弱い人。
　（4）高齢者。
　（5）次の症状のある人。
　　むくみ
　（6）次の診断を受けた人。
　　高血圧、心臓病、腎臓病
2．服用後、次の症状があらわれた場合は副作用の可能性がありますので、直ちに服用を中止し、この文書を持って医師、薬剤師または登録販売者に相談してください

［関係部位：症状］
消化器：吐き気、食欲不振、胃部不快感、腹痛

　まれに次の重篤な症状が起こることがあります。その場合は直ちに医師の診療を受けてください。

［症状の名称：症状］
偽アルドステロン症：手足のだるさ、しびれ、つっぱり感やこわばりに加えて、脱力感、筋肉痛があらわれ、徐々に強くなる。
ミオパチー：手足のだるさ、しびれ、つっぱり感やこわばりに加えて、脱力感、筋肉痛があらわれ、徐々に強くなる。

3．服用後、次の症状があらわれることがありますので、このような症状の持続または増強が見られた場合には、服用を中止し、この文書を持って医師、薬剤師または登録販売者に相談してください
　下痢
4．1ヵ月位服用しても症状がよくならない場合は服用を中止し、この文書を持って医師、歯科医師、薬剤師または登録販売者に相談してください
5．長期連用する場合には、医師、薬剤師または登録販売者に相談してください","（1）小児に服用させる場合には、保護者の指導監督のもとに服用させてください。
（2）1歳未満の乳児には、医師の診療を受けさせることを優先し、止むを得ない場合にのみ服用させてください。"
帰脾湯エキス細粒G「コタロー」,https://www.kegg.jp/medicus-bin/japic_otc?japic_code=J1001000005,帰脾湯,体力中等度以下で、心身が疲れ、血色が悪いものの次の諸症：不眠症、神経症、精神不安、貧血,"胃腸が弱って、血液やエネルギーが足りなくなると、精神の安定を失い、健忘・動悸といった精神・神経症状が生じてきます。すなわち、胃腸虚弱で食欲がなく、疲れやすく、元気がない人では貧血のような栄養障害を起こすだけでなく、不眠、イライラ、不安など精神にも影響を及ぼします。
　帰脾湯エキス細粒G「コタロー」は、心身ともに衰弱して自律神経失調症、不眠症、神経症や諸出血などで見られる症状に用いる漢方薬です。",水製エキス(6.3g),オウギ(2.4g)、サンソウニン(2.4g)、ニンジン(2.4g)、ビャクジュツ(2.4g)、ブクリョウ(2.4g)、リュウガンニク(2.4g)、オンジ(1.6g)、タイソウ(1.6g)、トウキ(1.6g)、カンゾウ(0.8g)、モッコウ(0.8g)、ショウキョウ(0.32g),含水二酸化ケイ素、ステアリン酸マグネシウム,3包(7.5g),"食前または食間に服用してください。
食間とは……食後2～3時間を指します。

［年齢：1回量：1日服用回数］
大人（15歳以上）：1包または2.5g：3回
15歳未満7歳以上：2／3包または1.67g：3回
7歳未満4歳以上：1／2包または1.25g：3回
4歳未満2歳以上：1／3包または0.83g：3回
2歳未満：1／4包または0.63g：3回

（大入り剤に添付のサジは、すり切り一杯で約0.6gです）","■してはいけないこと
（守らないと現在の症状が悪化したり、副作用が起こりやすくなります）
 

 次の人は服用しないでください
　生後3ヵ月未満の乳児。
 


 ■相談すること
 

 1．次の人は服用前に医師、薬剤師または登録販売者に相談してください
　（1）医師の治療を受けている人。
　（2）妊婦または妊娠していると思われる人。
　（3）今までに薬などにより発疹・発赤、かゆみ等を起こしたことがある人。
2．服用後、次の症状があらわれた場合は副作用の可能性がありますので、直ちに服用を中止し、この文書を持って医師、薬剤師または登録販売者に相談してください

［関係部位：症状］
皮膚：発疹・発赤、かゆみ

3．1ヵ月位服用しても症状がよくならない場合は服用を中止し、この文書を持って医師、薬剤師または登録販売者に相談してください","（1）小児に服用させる場合には、保護者の指導監督のもとに服用させてください。
（2）1歳未満の乳児には、医師の診療を受けさせることを優先し、止むを得ない場合にのみ服用させてください。"
芎帰調血飲第一加減エキス細粒G「コタロー」,https://www.kegg.jp/medicus-bin/japic_otc?japic_code=J1001000383,芎帰調血飲第一加減,体力中等度以下のものの次の諸症。ただし産後の場合は体力に関わらず使用できる。：月経不順、産後の体力低下、血の道症,"出産後や生理の際などで、体調が充分でなく、貧血ぎみで、手足に冷えを感じたり、気がふさいで頭痛、めまいがし、食欲もないといった訴えのある場合があります。
　これらは自律神経や内分泌系のバランスとも関係があるとされていますが、きゅう帰調血飲第一加減エキス細粒G「コタロー」は気のめぐりをよくし、血行を改善することによって、産後や更年期などの体調を整える漢方薬です。",水製エキス(6.2g),ウヤク(2g)、コウブシ(2g)、センキュウ(2g)、チンピ(2g)、トウキ(2g)、ビャクジュツ(2g)、ブクリョウ(2g)、ボタンピ(2g)、エンゴサク(1.2g)、キジツ(1.2g)、ケイヒ(1.2g)、コウカ(1.2g)、ゴシツ(1.2g)、ジオウ(1.2g)、シャクヤク(1.2g)、トウニン(1.2g)、モッコウ(1.2g)、カンキョウ(0.8g)、カンゾウ(0.8g)、タイソウ(0.8g)、ヤクモソウ(0.8g),含水二酸化ケイ素、ステアリン酸マグネシウム,3包(7.5g),"食前または食間に服用してください。
食間とは……食後2～3時間を指します。

［年齢：1回量：1日服用回数］
大人（15歳以上）：1包または2.5g：3回
15歳未満7歳以上：2／3包または1.67g：3回
7歳未満4歳以上：1／2包または1.25g：3回
4歳未満：服用しないでください

（大入り剤に添付のサジは、すり切り一杯で約0.6gです）","■相談すること
 

 1．次の人は服用前に医師、薬剤師または登録販売者に相談してください
　（1）医師の治療を受けている人。
　（2）妊婦または妊娠していると思われる人。
　（3）胃腸が弱く下痢しやすい人。
　（4）今までに薬などにより発疹・発赤、かゆみ等を起こしたことがある人。
2．服用後、次の症状があらわれた場合は副作用の可能性がありますので、直ちに服用を中止し、この文書を持って医師、薬剤師または登録販売者に相談してください

［関係部位：症状］
皮膚：発疹・発赤、かゆみ
消化器：吐き気、食欲不振、胃部不快感

3．1ヵ月位服用しても症状がよくならない場合は服用を中止し、この文書を持って医師、薬剤師または登録販売者に相談してください",小児に服用させる場合には、保護者の指導監督のもとに服用させてください。
玉屏風散エキス細粒G「コタロー」,https://www.kegg.jp/medicus-bin/japic_otc?japic_code=J1101000246,生薬製剤,身体虚弱で疲労しやすいものの次の諸症：虚弱体質、疲労倦怠感、ねあせ,"風にあたるとゾクッと寒けがしたり、冷えで鼻炎などが出始めると、いつも決まって汗が出る。このような外邪（風寒邪）の侵入を防御できなくて、すぐ風邪をひく、あるいは風邪をひいたら長引く、なかなか治らないなど、処方名の「玉屏風散」には、屏風を立てて風をよけるという意があり、抵抗力が弱い方の疲れ・だるさに適しています。
　玉屏風散エキス細粒G「コタロー」は虚弱で汗をかきやすく、また風邪にかかりやすい方によく使われます。他に、風邪をひくと困る方に飲んでいただきたいお薬です。",水製エキス(2g),オウギ(6g)、ビャクジュツ(2g)、ボウフウ(2g),含水二酸化ケイ素、ステアリン酸マグネシウム、トウモロコシデンプン、アメ粉,3包(4.5g),"食前または食間に服用してください。
食間とは……食後2～3時間を指します。

［年齢：1回量：1日服用回数］
成人（15歳以上）：1包または1.5g：3回
15歳未満：服用しないでください

（大入り剤に添付のサジは、すり切り一杯で約0.6gです）","■相談すること
 

 1．次の人は服用前に医師、薬剤師または登録販売者に相談してください
　（1）医師の治療を受けている人。
　（2）妊婦または妊娠していると思われる人。
　（3）今までに薬などにより発疹・発赤、かゆみ等を起こしたことがある人。
2．服用後、次の症状があらわれた場合は副作用の可能性がありますので、直ちに服用を中止し、この文書を持って医師、薬剤師または登録販売者に相談してください

［関係部位：症状］
皮膚：発疹・発赤、かゆみ

3．1ヵ月位服用しても症状がよくならない場合は服用を中止し、この文書を持って医師、薬剤師または登録販売者に相談してください
4．長期連用する場合には、医師、薬剤師または登録販売者に相談してください","（1）定められた用法・用量を厳守してください。
（2）本剤は、15歳未満の小児に服用させないでください。"
金羚感冒散,https://www.kegg.jp/medicus-bin/japic_otc?japic_code=J1601000128,生薬製剤,かぜによるのどの痛み・口（のど）の渇き・せき・頭痛,"かぜは、悪寒、発熱、頭痛や鼻、ノドなどに炎症を伴う疾患で、一般にかぜ症候群といわれます。漢方では寒けが強く、うすい鼻水や痰がタラタラと出て、節々が痛いときは「傷寒」といい、熱っぽく（発熱）、ノドが赤くはれて痛み、痰や鼻水が粘り口が渇くときは、「温病」といいます。
　金羚感冒散は、温病の諸症状に用いられる代表的なお薬です。寒冷（冷え）より、熱が原因となるかぜですので、夏かぜの諸症状にもよく応用されています。",エキス散(5.92g),キンギンカ(4.26g)、レンギョウ(4.26g)、カンゾウ(2.556g)、キキョウ(2.556g)、ハッカ(2.556g)、ゴボウシ(2.136g)、タンズシ(2.136g)、ケイガイ(1.704g)、タンチクヨウ(1.704g)、レイヨウカク(0.132g),含水二酸化ケイ素、軽質無水ケイ酸、ステアリン酸マグネシウム,3包(7.5g),"食前または食間に服用してください。
食間とは……食後2～3時間を指します。

［年齢：1回量：1日服用回数］
成人（15歳以上）：1包または2.5g：3回
15歳未満7歳以上：1／2包または1.3g：3回
7歳未満5歳以上：1／4包または0.6g：3回
5歳未満：服用しないでください

（大入り剤に添付のサジは、すり切り一杯で約0.6gです）","■してはいけないこと
（守らないと現在の症状が悪化したり、副作用が起こりやすくなります）
 

 短期間の服用にとどめ、連用はしないでください
 


 ■相談すること
 

 1．次の人は服用前に医師、薬剤師または登録販売者に相談してください
　（1）医師の治療を受けている人。
　（2）妊婦または妊娠していると思われる人。
　（3）体の虚弱な人（体力の衰えている人、体の弱い人）。
　（4）胃腸の弱い人。
　（5）高齢者。
　（6）今までに薬などにより発疹・発赤、かゆみ等を起こしたことがある人。
　（7）次の症状のある人。
　　むくみ
　（8）次の診断を受けた人。
　　高血圧、心臓病、腎臓病
2．服用後、次の症状があらわれた場合は副作用の可能性がありますので、直ちに服用を中止し、この文書を持って医師、薬剤師または登録販売者に相談してください

［関係部位：症状］
皮膚：発疹・発赤、かゆみ
消化器：吐き気、食欲不振、胃部不快感

　まれに次の重篤な症状が起こることがあります。その場合は直ちに医師の診療を受けてください。

［症状の名称：症状］
偽アルドステロン症：手足のだるさ、しびれ、つっぱり感やこわばりに加えて、脱力感、筋肉痛があらわれ、徐々に強くなる。
ミオパチー：手足のだるさ、しびれ、つっぱり感やこわばりに加えて、脱力感、筋肉痛があらわれ、徐々に強くなる。

3．5～6日間服用しても症状がよくならない場合は服用を中止し、この文書を持って医師、薬剤師または登録販売者に相談してください",小児に服用させる場合には、保護者の指導監督のもとに服用させてください。
金羚感冒錠,https://www.kegg.jp/medicus-bin/japic_otc?japic_code=J1601000129,生薬製剤,かぜによるのどの痛み・口（のど）の渇き・せき・頭痛,"かぜは、悪寒、発熱、頭痛や鼻、ノドなどに炎症を伴う疾患で、一般にかぜ症候群といわれます。漢方では寒けが強く、うすい鼻水や痰がタラタラと出て、節々が痛いときは「傷寒」といい、熱っぽく（発熱）、ノドが赤くはれて痛み、痰や鼻水が粘り口が渇くときは、「温病」といいます。
　金羚感冒錠は、温病の諸症状に用いられる代表的なお薬です。寒冷（冷え）より、熱が原因となるかぜですので、夏かぜの諸症状にもよく応用されています。",エキス散(5.92g),キンギンカ(4.26g)、レンギョウ(4.26g)、カンゾウ(2.556g)、キキョウ(2.556g)、ハッカ(2.556g)、ゴボウシ(2.136g)、タンズシ(2.136g)、ケイガイ(1.704g)、タンチクヨウ(1.704g)、レイヨウカク(0.132g),カルメロースカルシウム(CMC-Ca)、含水二酸化ケイ素、クロスカルメロースナトリウム(クロスCMC-Na)、軽質無水ケイ酸、ステアリン酸マグネシウム、アメ粉,24錠,"食前または食間に服用してください。
食間とは……食後2～3時間を指します。

［年齢：1回量：1日服用回数］
成人（15歳以上）：8錠：3回
15歳未満7歳以上：4錠：3回
7歳未満5歳以上：2錠：3回
5歳未満：服用しないでください","■してはいけないこと
（守らないと現在の症状が悪化したり、副作用が起こりやすくなります）
 

 短期間の服用にとどめ、連用はしないでください
 


 ■相談すること
 

 1．次の人は服用前に医師、薬剤師または登録販売者に相談してください
　（1）医師の治療を受けている人。
　（2）妊婦または妊娠していると思われる人。
　（3）体の虚弱な人（体力の衰えている人、体の弱い人）。
　（4）胃腸の弱い人。
　（5）高齢者。
　（6）今までに薬などにより発疹・発赤、かゆみ等を起こしたことがある人。
　（7）次の症状のある人。
　　むくみ
　（8）次の診断を受けた人。
　　高血圧、心臓病、腎臓病
2．服用後、次の症状があらわれた場合は副作用の可能性がありますので、直ちに服用を中止し、この文書を持って医師、薬剤師または登録販売者に相談してください

［関係部位：症状］
皮膚：発疹・発赤、かゆみ
消化器：吐き気、食欲不振、胃部不快感

　まれに次の重篤な症状が起こることがあります。その場合は直ちに医師の診療を受けてください。

［症状の名称：症状］
偽アルドステロン症：手足のだるさ、しびれ、つっぱり感やこわばりに加えて、脱力感、筋肉痛があらわれ、徐々に強くなる。
ミオパチー：手足のだるさ、しびれ、つっぱり感やこわばりに加えて、脱力感、筋肉痛があらわれ、徐々に強くなる。

3．5～6日間服用しても症状がよくならない場合は服用を中止し、この文書を持って医師、薬剤師または登録販売者に相談してください",小児に服用させる場合には、保護者の指導監督のもとに服用させてください。
九味檳榔湯エキス細粒G「コタロー」,https://www.kegg.jp/medicus-bin/japic_otc?japic_code=J1301000092,九味檳榔湯,体力中等度以上で、全身倦怠感があり、とくに下肢の倦怠感が著しいものの次の諸症：疲労倦怠感、むくみ、関節のはれや痛み、動悸、息切れ、神経症、更年期障害、胃腸炎,"かつては脚気（ビタミンB1欠乏症）様症状である足のむくみ、痛み、動悸、息切れなどによく使われた処方です。今日の日本では食生活が改善された一方で、手軽に摂れる食品が豊富になり、不規則な社会生活とあいまって、食の偏りが目立つようになりました。生活面の整備が進み、汗をかきにくい環境になった中で、水分や味の濃い物の摂り過ぎで体に余計な水を溜めこんでしまうようです。このような偏食や水分代謝の異常により、下半身のだるさ、むくみを訴える現代人が多くなっています。
　このような方に九味檳榔湯エキス細粒G「コタロー」がよく用いられます。食生活が乱れて、全身の倦怠感を訴えて、下肢の腫れ・だるさ、過食していないのに太る（水太り）、むくむなどの症状にぜひ活用してください。",水製エキス(2.96g),ビンロウジ(3.2g)、キッピ(2.4g)、ケイヒ(2.4g)、コウボク(2.4g)、ブクリョウ(2.4g)、ソヨウ(1.2g)、カンゾウ(0.8g)、ゴシュユ(0.8g)、ショウキョウ(0.8g)、ダイオウ(0.8g)、モッコウ(0.8g),ステアリン酸マグネシウム、トウモロコシデンプン、乳糖水和物、プルラン、メタケイ酸アルミン酸マグネシウム,3包(4.8g),"食前または食間に服用してください。
食間とは……食後2～3時間を指します。

［年齢：1回量：1日服用回数］
大人（15歳以上）：1包：3回
15歳未満7歳以上：2／3包：3回
7歳未満4歳以上：1／2包：3回
4歳未満2歳以上：1／3包：3回
2歳未満：1／4包：3回","■してはいけないこと
（守らないと現在の症状が悪化したり、副作用が起こりやすくなります）
 

 1．次の人は服用しないでください
　生後3ヵ月未満の乳児。
2．本剤を服用している間は、次の医薬品を服用しないでください
　他の瀉下薬（下剤）
3．授乳中の人は本剤を服用しないか、本剤を服用する場合は授乳を避けてください
 


 ■相談すること
 

 1．次の人は服用前に医師、薬剤師または登録販売者に相談してください
　（1）医師の治療を受けている人。
　（2）妊婦または妊娠していると思われる人。
　（3）体の虚弱な人（体力の衰えている人、体の弱い人）。
　（4）胃腸が弱く下痢しやすい人。
　（5）今までに薬などにより発疹・発赤、かゆみ等を起こしたことがある人。
2．服用後、次の症状があらわれた場合は副作用の可能性がありますので、直ちに服用を中止し、この文書を持って医師、薬剤師または登録販売者に相談してください

［関係部位：症状］
皮膚：発疹・発赤、かゆみ
消化器：はげしい腹痛を伴う下痢、腹痛

3．服用後、次の症状があらわれることがありますので、このような症状の持続または増強が見られた場合には、服用を中止し、この文書を持って医師、薬剤師または登録販売者に相談してください
　軟便、下痢
4．1ヵ月位服用しても症状がよくならない場合は服用を中止し、この文書を持って医師、薬剤師または登録販売者に相談してください","（1）小児に服用させる場合には、保護者の指導監督のもとに服用させてください。
（2）1歳未満の乳児には、医師の診療を受けさせることを優先し、止むを得ない場合にのみ服用させてください。"
荊芥連翹湯エキス細粒G「コタロー」,https://www.kegg.jp/medicus-bin/japic_otc?japic_code=J1301000084,荊芥連翹湯,体力中等度以上で、皮膚の色が浅黒く、ときに手足の裏に脂汗をかきやすく腹壁が緊張しているものの次の諸症：慢性鼻炎、慢性扁桃炎、蓄膿症（副鼻腔炎）、にきび,"蓄膿症やアレルギーによる鼻炎などがなかなか治らず、治療に通ったり、あきらめたりといった具合で、「鼻」に悩んでおられる方が近年大変増えています。
　漢方では、過敏な体質またはアレルギー体質で、粘膜・皮膚が外界の刺激に反応しやすく、炎症反応を起こしやすい体質を解毒証体質と呼んでいますが、このような方は鼻症状を起こしやすく、また扁桃をしょっちゅう腫らしたり、ニキビがなかなか治らなかったりします。
　荊芥連翹湯エキス細粒G「コタロー」は、これらの症状を治していく漢方薬でありますが、同時に水分や脂肪分の摂取を控えるなど、食生活や生活習慣の改善を心がけることも大切です。",エキス散(5.6g),オウゴン(1.2g)、オウバク(1.2g)、オウレン(1.2g)、キキョウ(1.2g)、キジツ(1.2g)、ケイガイ(1.2g)、サイコ(1.2g)、サンシシ(1.2g)、ジオウ(1.2g)、シャクヤク(1.2g)、センキュウ(1.2g)、トウキ(1.2g)、ハッカ(1.2g)、ビャクシ(1.2g)、ボウフウ(1.2g)、レンギョウ(1.2g)、カンゾウ(0.8g),含水二酸化ケイ素、軽質無水ケイ酸、ステアリン酸マグネシウム、トウモロコシデンプン、アメ粉,3包(7.5g),"食前または食間に服用してください。
食間とは……食後2～3時間を指します。

［年齢：1回量：1日服用回数］
大人（15歳以上）：1包または2.5g：3回
15歳未満7歳以上：2／3包または1.7g：3回
7歳未満4歳以上：1／2包または1.3g：3回
4歳未満2歳以上：1／3包または0.8g：3回
2歳未満：1／4包または0.6g：3回

（大入り剤に添付のサジは、すり切り一杯で約0.6gです）","■してはいけないこと
（守らないと現在の症状が悪化したり、副作用が起こりやすくなります）
 

 次の人は服用しないでください
　生後3ヵ月未満の乳児。
 


 ■相談すること
 

 1．次の人は服用前に医師、薬剤師または登録販売者に相談してください
　（1）医師の治療を受けている人。
　（2）妊婦または妊娠していると思われる人。
　（3）胃腸が弱く下痢しやすい人。
2．服用後、次の症状があらわれた場合は副作用の可能性がありますので、直ちに服用を中止し、この文書を持って医師、薬剤師または登録販売者に相談してください

［関係部位：症状］
皮膚：発疹・発赤、かゆみ
消化器：食欲不振、胃部不快感

　まれに次の重篤な症状が起こることがあります。その場合は直ちに医師の診療を受けてください。

［症状の名称：症状］
間質性肺炎：階段を上ったり、少し無理をしたりすると息切れがする・息苦しくなる、空せき、発熱等がみられ、これらが急にあらわれたり、持続したりする。
肝機能障害：発熱、かゆみ、発疹、黄疸（皮膚や白目が黄色くなる）、褐色尿、全身のだるさ、食欲不振等があらわれる。
腸間膜静脈硬化症：長期服用により、腹痛、下痢、便秘、腹部膨満等が繰り返しあらわれる。

3．1ヵ月位服用しても症状がよくならない場合は服用を中止し、この文書を持って医師、薬剤師または登録販売者に相談してください
4．長期連用する場合には、医師、薬剤師または登録販売者に相談してください","（1）小児に服用させる場合には、保護者の指導監督のもとに服用させてください。
（2）1歳未満の乳児には、医師の診療を受けさせることを優先し、止むを得ない場合にのみ服用させてください。"
桂枝加黄耆湯エキス細粒G「コタロー」,https://www.kegg.jp/medicus-bin/japic_otc?japic_code=J1101000337,桂枝加黄耆湯,体力虚弱なものの次の諸症：湿疹・皮膚炎、あせも、ねあせ,"昔からお肌のお手入れにいろいろな方法が取り入れられてきました。お肌の弱い方は、夏は汗をかくとあせもができやすく、夜睡眠中にもよく汗をかくなどお肌に湿疹や炎症を引き起こしやすくなります。
　桂枝加黄耆湯エキス細粒G「コタロー」はあちこちに化膿性あるいは湿性の湿疹ができ、治ったと思ったらまたできるという人に適した皮膚病の漢方薬です。",エキス散(3.3g),ケイヒ(3.2g)、シャクヤク(3.2g)、タイソウ(3.2g)、オウギ(2.4g)、カンゾウ(1.6g)、ショウキョウ(0.8g),含水二酸化ケイ素、ステアリン酸マグネシウム、トウモロコシデンプン,3包(4.5g),"食前または食間に服用してください。
食間とは……食後2～3時間を指します。

［年齢：1回量：1日服用回数］
大人（15歳以上）：1包または1.5g：3回
15歳未満7歳以上：2／3包または1.0g：3回
7歳未満4歳以上：1／2包または0.75g：3回
4歳未満2歳以上：1／3包または0.5g：3回
2歳未満：1／4包または0.37g：3回

（大入り剤に添付のサジは、すり切り一杯で約0.6gです）","■してはいけないこと
（守らないと現在の症状が悪化したり、副作用が起こりやすくなります）
 

 次の人は服用しないでください
　生後3ヵ月未満の乳児。
 


 ■相談すること
 

 1．次の人は服用前に医師、薬剤師または登録販売者に相談してください
　（1）医師の治療を受けている人。
　（2）妊婦または妊娠していると思われる人。
　（3）高齢者。
　（4）今までに薬などにより発疹・発赤、かゆみ等を起こしたことがある人。
　（5）次の症状のある人。
　　むくみ
　（6）次の診断を受けた人。
　　高血圧、心臓病、腎臓病
2．服用後、次の症状があらわれた場合は副作用の可能性がありますので、直ちに服用を中止し、この文書を持って医師、薬剤師または登録販売者に相談してください

［関係部位：症状］
皮膚：発疹・発赤、かゆみ

　まれに次の重篤な症状が起こることがあります。その場合は直ちに医師の診療を受けてください。

［症状の名称：症状］
偽アルドステロン症：手足のだるさ、しびれ、つっぱり感やこわばりに加えて、脱力感、筋肉痛があらわれ、徐々に強くなる。
ミオパチー：手足のだるさ、しびれ、つっぱり感やこわばりに加えて、脱力感、筋肉痛があらわれ、徐々に強くなる。

3．1ヵ月位服用しても症状がよくならない場合は服用を中止し、この文書を持って医師、薬剤師または登録販売者に相談してください
4．長期連用する場合には、医師、薬剤師または登録販売者に相談してください","（1）小児に服用させる場合には、保護者の指導監督のもとに服用させてください。
（2）1歳未満の乳児には、医師の診療を受けさせることを優先し、止むを得ない場合にのみ服用させてください。"
桂枝五物湯エキス細粒G「コタロー」,https://www.kegg.jp/medicus-bin/japic_otc?japic_code=J2201000071,生薬製剤,口中の痙痛とただれ及びあれのあるものの次の諸症状：口内炎・歯根炎、歯槽膿漏等の口臭,"本剤は、口中の病気に用いる生薬製剤で、口中の痛み、ただれ、荒れ、口臭など不快な症状を和らげます。
　桂枝五物湯エキス細粒G「コタロー」は、口中の痙痛、ただれ、荒れがある方の口内炎・歯根炎、歯槽膿漏等の口臭に用いられます。",水製エキス(5.4g),ブクリョウ(8g)、オウゴン(4g)、キキョウ(4g)、ケイヒ(4g)、ジオウ(4g),含水二酸化ケイ素、ステアリン酸マグネシウム、アメ粉,3包(7.5g),"食前または食間に服用してください。
食間とは……食後2～3時間を指します。

［年齢：1回量：1日服用回数］
成人（15歳以上）：1包または2.5g：3回
15歳未満7歳以上：1／2包または1.3g：3回
7歳未満4歳以上：1／4包または0.7g：3回
4歳未満：服用しないでください

（大入り剤に添付のサジは、すり切り一杯で約0.6gです）","■してはいけないこと
（守らないと現在の症状が悪化したり、副作用が起こりやすくなります）
 

 次の人は服用しないでください
　4歳未満の乳幼児。
 


 ■相談すること
 

 1．次の人は服用前に医師、歯科医師、薬剤師または登録販売者に相談してください
　（1）医師または歯科医師の治療を受けている人。
　（2）妊婦または妊娠していると思われる人。
　（3）体の虚弱な人（体力の衰えている人、体の弱い人）。
　（4）胃腸が弱く下痢しやすい人。
　（5）高齢者。
　（6）今までに薬などにより発疹・発赤、かゆみ等を起こしたことがある人。
2．服用後、次の症状があらわれた場合は副作用の可能性がありますので、直ちに服用を中止し、この文書を持って医師、薬剤師または登録販売者に相談してください

［関係部位：症状］
皮膚：発疹・発赤、かゆみ
消化器：吐き気、食欲不振、胃部不快感、腹痛など

3．服用後、次の症状があらわれることがありますので、このような症状の持続または増強が見られた場合には、服用を中止し、医師、薬剤師または登録販売者に相談してください
　下痢
4．1ヵ月位服用しても症状がよくならない場合は服用を中止し、この文書を持って医師、歯科医師、薬剤師または登録販売者に相談してください
5．長期連用する場合には、医師、歯科医師、薬剤師または登録販売者に相談してください","（1）定められた用法・用量を守ってください。
（2）小児に服用させる場合には、保護者の指導監督のもとに服用させてください。"
桂枝芍薬知母湯エキス細粒G「コタロー」,https://www.kegg.jp/medicus-bin/japic_otc?japic_code=J1401000031,桂枝芍薬知母湯,体力虚弱で、皮膚が乾燥し、四肢あるいは諸関節のはれが慢性に経過して、痛むものの次の諸症：関節のはれや痛み、関節炎、神経痛,"体質的には虚弱で、関節などに水をためやすく、寒い冬や湿気の多い梅雨などが来ると手足の関節の状態が悪くなり、屈伸ができない。それを我慢して手足を酷使すると、その患部に炎症が起き、赤くはれたような状態になることがあります。
　桂枝芍薬知母湯エキス細粒G「コタロー」はこのようなタイプの関節のはれ・痛みあるいは神経痛に役立つ漢方薬です。",水製エキス(4g),ビャクジュツ(3.2g)、ケイヒ(2.4g)、シャクヤク(2.4g)、チモ(2.4g)、ボウフウ(2.4g)、マオウ(2.4g)、カンゾウ(1.2g)、ショウキョウ(0.8g)、ブシ2(0.8g),含水二酸化ケイ素、ステアリン酸マグネシウム、トウモロコシデンプン、アメ粉,3包(6g),"食前または食間に服用してください。
食間とは……食後2～3時間を指します。

［年齢：1回量：1日服用回数］
大人（15歳以上）：1包：3回
15歳未満7歳以上：2／3包：3回
7歳未満4歳以上：1／2包：3回
4歳未満：服用しないでください","■相談すること
 

 1．次の人は服用前に医師、薬剤師または登録販売者に相談してください
　（1）医師の治療を受けている人。
　（2）妊婦または妊娠していると思われる人。
　（3）体の虚弱な人（体力の衰えている人、体の弱い人）。
　（4）胃腸の弱い人。
　（5）のぼせが強く赤ら顔で体力の充実している人。
　（6）発汗傾向の著しい人。
　（7）高齢者。
　（8）今までに薬などにより発疹・発赤、かゆみ等を起こしたことがある人。
　（9）次の症状のある人。
　　むくみ、排尿困難
　（10）次の診断を受けた人。
　　高血圧、心臓病、腎臓病、甲状腺機能障害
2．服用後、次の症状があらわれた場合は副作用の可能性がありますので、直ちに服用を中止し、この文書を持って医師、薬剤師または登録販売者に相談してください

［関係部位：症状］
皮膚：発疹・発赤、かゆみ
消化器：吐き気、食欲不振、胃部不快感
その他：動悸、のぼせ、ほてり、口唇・舌のしびれ

　まれに次の重篤な症状が起こることがあります。その場合は直ちに医師の診療を受けてください。

［症状の名称：症状］
偽アルドステロン症：手足のだるさ、しびれ、つっぱり感やこわばりに加えて、脱力感、筋肉痛があらわれ、徐々に強くなる。
ミオパチー：手足のだるさ、しびれ、つっぱり感やこわばりに加えて、脱力感、筋肉痛があらわれ、徐々に強くなる。

3．1ヵ月位服用しても症状がよくならない場合は服用を中止し、この文書を持って医師、薬剤師または登録販売者に相談してください
4．長期連用する場合には、医師、薬剤師または登録販売者に相談してください",小児に服用させる場合には、保護者の指導監督のもとに服用させてください。
桂枝茯苓丸料エキス細粒G「コタロー」,https://www.kegg.jp/medicus-bin/japic_otc?japic_code=J0801000350,桂枝茯苓丸,比較的体力があり、ときに下腹部痛、肩こり、頭重、めまい、のぼせて足冷えなどを訴えるものの次の諸症：月経不順、月経異常、月経痛、更年期障害、血の道症、肩こり、打ち身（打撲症）、めまい、頭重、しみ、湿疹・皮膚炎、にきび、しもやけ,"本剤は、のぼせやすく、足は逆に冷えるといった体質傾向（漢方でいうお血）の方に用いる処方です。
　桂枝茯苓丸料エキス細粒G「コタロー」は、体力はあるのに、生理が不順であり、またつらい方、打撲すると内出血を起こす方、のぼせて足が冷え、肩こり、頭痛を訴える方に効果があります。",桂枝茯苓丸エキス(2.24g),ケイヒ(3.2g)、シャクヤク(3.2g)、トウニン(3.2g)、ブクリョウ(3.2g)、ボタンピ(3.2g),ステアリン酸マグネシウム、トウモロコシデンプン、乳糖水和物、プルラン、メタケイ酸アルミン酸マグネシウム,3包(4.8g),"食前または食間に服用してください。
食間とは……食後2～3時間を指します。

［年齢：1回量：1日服用回数］
大人（15歳以上）：1包または1.6g：3回
15歳未満7歳以上：2／3包または1.1g：3回
7歳未満4歳以上：1／2包または0.8g：3回
4歳未満：服用しないでください

（大入り剤に添付のサジは、すり切り一杯で約0.6gです）","■相談すること
 

 1．次の人は服用前に医師、薬剤師または登録販売者に相談してください
　（1）医師の治療を受けている人。
　（2）妊婦または妊娠していると思われる人。
　（3）体の虚弱な人（体力の衰えている人、体の弱い人）。
　（4）今までに薬などにより発疹・発赤、かゆみ等を起こしたことがある人。
2．服用後、次の症状があらわれた場合は副作用の可能性がありますので、直ちに服用を中止し、この文書を持って医師、薬剤師または登録販売者に相談してください

［関係部位：症状］
皮膚：発疹・発赤、かゆみ
消化器：食欲不振

　まれに次の重篤な症状が起こることがあります。その場合は直ちに医師の診療を受けてください。

［症状の名称：症状］
肝機能障害：発熱、かゆみ、発疹、黄疸（皮膚や白目が黄色くなる）、褐色尿、全身のだるさ、食欲不振等があらわれる。

3．服用後、次の症状があらわれることがありますので、このような症状の持続または増強が見られた場合には、服用を中止し、この文書を持って医師、薬剤師または登録販売者に相談してください
　下痢
4．1ヵ月位服用しても症状がよくならない場合は服用を中止し、この文書を持って医師、薬剤師または登録販売者に相談してください",小児に服用させる場合には、保護者の指導監督のもとに服用させてください。
荊防敗毒散エキス細粒G「コタロー」,https://www.kegg.jp/medicus-bin/japic_otc?japic_code=J1001000006,荊防敗毒散,比較的体力があるものの次の諸症：急性化膿性皮膚疾患の初期、湿疹・皮膚炎,"この処方名には「荊芥・防風を主薬とした化膿などの毒を敗退（しりぞく）させる散剤」という意味があります。発表薬（発汗薬）が主薬になっていることから、病邪が皮膚表面にとどまっている状態（主に初期の皮膚化膿症）によいと考えられています。
　荊防敗毒散エキス細粒G「コタロー」は、湿疹や皮膚炎などの化膿症の初期で、発赤（赤い）、腫脹（はれる）、疼痛（痛い）など炎症症状が顕著なものを改善させる漢方薬です。",水製エキス(4.8g),キキョウ(1.6g)、キコク(1.6g)、キョウカツ(1.6g)、キンギンカ(1.6g)、ケイガイ(1.6g)、サイコ(1.6g)、センキュウ(1.6g)、ゼンコ(1.6g)、ドクカツ(1.6g)、ハッカ(1.6g)、ブクリョウ(1.6g)、ボウフウ(1.6g)、レンギョウ(1.6g)、カンゾウ(0.8g),含水二酸化ケイ素、ステアリン酸マグネシウム,3包(6g),"食前または食間に服用してください。
食間とは……食後2～3時間を指します。

［年齢：1回量：1日服用回数］
大人（15歳以上）：1包または2.0g：3回
15歳未満7歳以上：2／3包または1.33g：3回
7歳未満4歳以上：1／2包または1.0g：3回
4歳未満2歳以上：1／3包または0.67g：3回
2歳未満：1／4包または0.5g：3回

（大入り剤に添付のサジは、すり切り一杯で約0.6gです）","■してはいけないこと
（守らないと現在の症状が悪化したり、副作用が起こりやすくなります）
 

 次の人は服用しないでください
　生後3ヵ月未満の乳児。
 


 ■相談すること
 

 1．次の人は服用前に医師、薬剤師または登録販売者に相談してください
　（1）医師の治療を受けている人。
　（2）妊婦または妊娠していると思われる人。
　（3）胃腸が弱く下痢しやすい人。
　（4）今までに薬などにより発疹・発赤、かゆみ等を起こしたことがある人。
2．服用後、次の症状があらわれた場合は副作用の可能性がありますので、直ちに服用を中止し、この文書を持って医師、薬剤師または登録販売者に相談してください

［関係部位：症状］
皮膚：発疹・発赤、かゆみ
消化器：食欲不振、胃部不快感

3．1週間位服用しても症状がよくならない場合は服用を中止し、この文書を持って医師、薬剤師または登録販売者に相談してください
4．本剤の服用により、まれに症状が進行することもありますので、このような場合には、服用を中止し、この文書を持って医師、薬剤師または登録販売者に相談してください","（1）小児に服用させる場合には、保護者の指導監督のもとに服用させてください。
（2）1歳未満の乳児には、医師の診療を受けさせることを優先し、止むを得ない場合にのみ服用させてください。"
甲字湯エキス細粒G「コタロー」,https://www.kegg.jp/medicus-bin/japic_otc?japic_code=J1501000263,甲字湯,比較的体力があり、ときに下腹部痛、肩こり、頭重、めまい、のぼせて足冷えなどを訴えるものの次の諸症：月経不順、月経異常、月経痛、更年期障害、血の道症、肩こり、打ち身（打撲症）、めまい、頭重、しみ、しもやけ,"甲字湯は、江戸時代後期の水戸藩侍医の原南陽が創った「お血を理する」（滞った血流を改善する）処方で、桂枝茯苓丸に、胃の働きを整えるとされる甘草と生姜を加えた漢方薬です。お血による諸症状、血の道症、生理不順、のぼせやすく足は逆に冷える、打ち身があざになりやすいという方に用います。
　甲字湯エキス細粒G「コタロー」は、比較的体力がある方で、生理が不順でつらい方、打撲すると内出血を起こす方、のぼせて足が冷え、肩こり、頭痛が生じる方に効果があります。",水製エキス(1.8g),ケイヒ(3.2g)、シャクヤク(3.2g)、トウニン(3.2g)、ブクリョウ(3.2g)、ボタンピ(3.2g)、カンゾウ(1.2g)、ショウキョウ(0.6g),含水二酸化ケイ素、ステアリン酸マグネシウム、アメ粉,3包(3g),"食前または食間に服用してください。
食間とは……食後2～3時間を指します。

［年齢：1回量：1日服用回数］
大人（15歳以上）：1包：3回
15歳未満7歳以上：2／3包：3回
7歳未満4歳以上：1／2包：3回
4歳未満2歳以上：1／3包：3回
2歳未満：1／4包：3回","■してはいけないこと
（守らないと現在の症状が悪化したり、副作用が起こりやすくなります）
 

 次の人は服用しないでください
　生後3ヵ月未満の乳児。
 


 ■相談すること
 

 1．次の人は服用前に医師、薬剤師または登録販売者に相談してください
　（1）医師の治療を受けている人。
　（2）妊婦または妊娠していると思われる人。
　（3）体の虚弱な人（体力の衰えている人、体の弱い人）。
　（4）高齢者。
　（5）今までに薬などにより発疹・発赤、かゆみ等を起こしたことがある人。
　（6）次の症状のある人。
　　むくみ
　（7）次の診断を受けた人。
　　高血圧、心臓病、腎臓病
2．服用後、次の症状があらわれた場合は副作用の可能性がありますので、直ちに服用を中止し、この文書を持って医師、薬剤師または登録販売者に相談してください

［関係部位：症状］
皮膚：発疹・発赤、かゆみ
消化器：食欲不振

　まれに次の重篤な症状が起こることがあります。その場合は直ちに医師の診療を受けてください。

［症状の名称：症状］
偽アルドステロン症：手足のだるさ、しびれ、つっぱり感やこわばりに加えて、脱力感、筋肉痛があらわれ、徐々に強くなる。
ミオパチー：手足のだるさ、しびれ、つっぱり感やこわばりに加えて、脱力感、筋肉痛があらわれ、徐々に強くなる。

3．服用後、次の症状があらわれることがありますので、このような症状の持続または増強が見られた場合には、服用を中止し、この文書を持って医師、薬剤師または登録販売者に相談してください
　下痢
4．1ヵ月位服用しても症状がよくならない場合は服用を中止し、この文書を持って医師、薬剤師または登録販売者に相談してください
5．長期連用する場合には、医師、薬剤師または登録販売者に相談してください","（1）小児に服用させる場合には、保護者の指導監督のもとに服用させてください。
（2）1歳未満の乳児には、医師の診療を受けさせることを優先し、止むを得ない場合にのみ服用させてください。"
香砂六君子湯エキス細粒G「コタロー」,https://www.kegg.jp/medicus-bin/japic_otc?japic_code=J1001000385,香砂六君子湯,体力中等度以下で、気分が沈みがちで頭が重く、胃腸が弱く、食欲がなく、みぞおちがつかえて疲れやすく、貧血性で手足が冷えやすいものの次の諸症：胃炎、胃腸虚弱、胃下垂、消化不良、食欲不振、胃痛、嘔吐,"食事というのは、気の合った者同士が集まって楽しい会話をしながらすると、案外食べられるものです。食欲不振という症状は、気うつの方に多く、食が進まないのに無理して食べても、みぞおちの辺りがすぐにつかえたり、胃がもたれたりします。また、このタイプの胃腸虚弱者はお腹の中に水がたまってチャポチャポしたり、食後眠くなるのが特徴です。
　香砂六君子湯エキス細粒G「コタロー」は、いつも胃腸の調子が悪く、食べると決まって胃腸のトラブルを起こす方に適しています。また、本剤は香りの高い細粒で、食欲を増進してくれる漢方薬です。",水製エキス(4.7g),ニンジン(3.2g)、ハンゲ(3.2g)、ビャクジュツ(3.2g)、ブクリョウ(3.2g)、カッコウ(1.6g)、コウブシ(1.6g)、シュクシャ(1.6g)、タイソウ(1.6g)、チンピ(1.6g)、カンゾウ(0.8g)、ショウキョウ(0.4g),含水二酸化ケイ素、ステアリン酸マグネシウム、トウモロコシデンプン,3包(6g),"食前または食間に服用してください。
食間とは……食後2～3時間を指します。

［年齢：1回量：1日服用回数］
大人（15歳以上）：1包または2.0g：3回
15歳未満7歳以上：2／3包または1.3g：3回
7歳未満4歳以上：1／2包または1.0g：3回
4歳未満2歳以上：1／3包または0.7g：3回
2歳未満：1／4包または0.5g：3回

（大入り剤に添付のサジは、すり切り一杯で約0.6gです）","■してはいけないこと
（守らないと現在の症状が悪化したり、副作用が起こりやすくなります）
 

 次の人は服用しないでください
　生後3ヵ月未満の乳児。
 


 ■相談すること
 

 1．次の人は服用前に医師、薬剤師または登録販売者に相談してください
　（1）医師の治療を受けている人。
　（2）妊婦または妊娠していると思われる人。
　（3）今までに薬などにより発疹・発赤、かゆみ等を起こしたことがある人。
2．服用後、次の症状があらわれた場合は副作用の可能性がありますので、直ちに服用を中止し、この文書を持って医師、薬剤師または登録販売者に相談してください

［関係部位：症状］
皮膚：発疹・発赤、かゆみ

3．1ヵ月位（消化不良、胃痛、嘔吐に服用する場合には1週間位）服用しても症状がよくならない場合は服用を中止し、この文書を持って医師、薬剤師または登録販売者に相談してください","（1）小児に服用させる場合には、保護者の指導監督のもとに服用させてください。
（2）1歳未満の乳児には、医師の診療を受けさせることを優先し、止むを得ない場合にのみ服用させてください。"
杞菊地黄丸エキス細粒G「コタロー」,https://www.kegg.jp/medicus-bin/japic_otc?japic_code=J1301000246,杞菊地黄丸,体力中等度以下で、疲れやすく胃腸障害がなく、尿量減少又は多尿で、ときに手足のほてりや口渇があるものの次の諸症：かすみ目、疲れ目、のぼせ、頭重、めまい、排尿困難、頻尿、むくみ、視力低下,"本剤は、漢方の古典「医級」に収載された処方に準拠して製造された細粒剤です。
　老化は目からくる、ともしばしばいわれるように、中高年になると疲れやすくなったり、トイレが近い、気持よく出ない、などといった症状とともに、目が疲れやすくなる、目が充血したり痛みを覚えるとか、かすんで細かな字が見にくくなったりすることがあります。
　これは若い人でもパソコンなどのOA機器で目を酷使したあとなどにもみられる現象ですが、中医学では肝腎陰虚によって起こるとされています。
　杞菊地黄丸は、六味地黄丸に枸杞子（クコの実）と菊花（菊の花）を加えた薬です。",水製エキス(7.6g),ジオウ(6.4g)、クコシ(4g)、サンシュユ(3.2g)、サンヤク(3.2g)、キクカ(2.4g)、タクシャ(2.4g)、ブクリョウ(2.4g)、ボタンピ(2.4g),含水二酸化ケイ素、ステアリン酸マグネシウム、アメ粉,3包(10.5g),"食前または食間に服用してください。
食間とは……食後2～3時間を指します。

［年齢：1回量：1日服用回数］
大人（15歳以上）：1包または3.5g：3回
15歳未満7歳以上：2／3包または2.3g：3回
7歳未満4歳以上：1／2包または1.8g：3回
4歳未満2歳以上：1／3包または1.2g：3回
2歳未満：1／4包または0.9g：3回

（大入り剤に添付のサジは、すり切り一杯で約0.6gです）","■してはいけないこと
（守らないと現在の症状が悪化したり、副作用が起こりやすくなります）
 

 次の人は服用しないでください
　生後3ヵ月未満の乳児。
 


 ■相談すること
 

 1．次の人は服用前に医師、薬剤師または登録販売者に相談してください
　（1）医師の治療を受けている人。
　（2）妊婦または妊娠していると思われる人。
　（3）胃腸が弱く下痢しやすい人。
　（4）今までに薬などにより発疹・発赤、かゆみ等を起こしたことがある人。
2．服用後、次の症状があらわれた場合は副作用の可能性がありますので、直ちに服用を中止し、この文書を持って医師、薬剤師または登録販売者に相談してください

［関係部位：症状］
皮膚：発疹・発赤、かゆみ
消化器：食欲不振、胃部不快感、腹痛

3．服用後、次の症状があらわれることがありますので、このような症状の持続または増強が見られた場合には、服用を中止し、この文書を持って医師、薬剤師または登録販売者に相談してください
　下痢
4．1ヵ月位服用しても症状がよくならない場合は服用を中止し、この文書を持って医師、薬剤師または登録販売者に相談してください","（1）小児に服用させる場合には、保護者の指導監督のもとに服用させてください。
（2）1歳未満の乳児には、医師の診療を受けさせることを優先し、止むを得ない場合にのみ服用させてください。"
杞菊地黄丸エキス錠N「コタロー」,https://www.kegg.jp/medicus-bin/japic_otc?japic_code=J1401000233,杞菊地黄丸,体力中等度以下で、疲れやすく胃腸障害がなく、尿量減少又は多尿で、ときに手足のほてりや口渇があるものの次の諸症：かすみ目、疲れ目、のぼせ、頭重、めまい、排尿困難、頻尿、むくみ、視力低下,"本剤は、漢方の古典「医級」に収載された処方に準拠して製造された錠剤です。
　老化は目からくる、ともしばしばいわれるように、中高年になると疲れやすくなったり、トイレが近い、気持よく出ない、などといった症状とともに、目が疲れやすくなる、目が充血したり痛みを覚えるとか、かすんで細かな字が見にくくなったりすることがあります。
　これは若い人でもパソコンなどのOA機器で目を酷使したあとなどにもみられる現象ですが、中医学では肝腎陰虚によって起こるとされています。
　杞菊地黄丸エキス錠N「コタロー」は、六味地黄丸に枸杞子（クコの実）と菊花（菊の花）を加えた薬です。",エキス散(5.7g),ジオウ(4g)、クコシ(2.5g)、サンシュユ(2g)、サンヤク(2g)、キクカ(1.5g)、タクシャ(1.5g)、ブクリョウ(1.5g)、ボタンピ(1.5g),カルメロースカルシウム(CMC-Ca)、含水二酸化ケイ素、クロスカルメロースナトリウム(クロスCMC-Na)、クロスポビドン、軽質無水ケイ酸、ステアリン酸マグネシウム、トウモロコシデンプン、アメ粉,30錠,"食前または食間に服用してください。
食間とは……食後2～3時間を指します。

［年齢：1回量：1日服用回数］
大人（15歳以上）：10錠：3回
15歳未満7歳以上：7錠：3回
7歳未満5歳以上：5錠：3回
5歳未満：服用しないでください","■相談すること
 

 1．次の人は服用前に医師、薬剤師または登録販売者に相談してください
　（1）医師の治療を受けている人。
　（2）妊婦または妊娠していると思われる人。
　（3）胃腸が弱く下痢しやすい人。
　（4）今までに薬などにより発疹・発赤、かゆみ等を起こしたことがある人。
2．服用後、次の症状があらわれた場合は副作用の可能性がありますので、直ちに服用を中止し、この文書を持って医師、薬剤師または登録販売者に相談してください

［関係部位：症状］
皮膚：発疹・発赤、かゆみ
消化器：食欲不振、胃部不快感、腹痛

3．服用後、次の症状があらわれることがありますので、このような症状の持続または増強が見られた場合には、服用を中止し、この文書を持って医師、薬剤師または登録販売者に相談してください
　下痢
4．1ヵ月位服用しても症状がよくならない場合は服用を中止し、この文書を持って医師、薬剤師または登録販売者に相談してください",小児に服用させる場合には、保護者の指導監督のもとに服用させてください。
五積散エキス細粒G「コタロー」,https://www.kegg.jp/medicus-bin/japic_otc?japic_code=J1001000351,五積散,体力中等度又はやや虚弱で、冷えがあるものの次の諸症：腰痛、神経痛、関節痛、頭痛、感冒、月経痛、更年期障害、胃腸炎,"本剤は、漢方の古典「和剤局方」（宋代）収載の処方にもとづいてつくられたエキスを、飲みやすく細粒としたものです。
　五積散エキス細粒G「コタロー」は、クーラーのかけ過ぎや水仕事など、生活や職場の環境または気象によって、寒冷や湿気の中に長くさらされていたことから体が冷え込み、ゾクゾクして、腰痛、神経痛、といった症状を起こした場合に用いられます。尚、冷たい飲食物もなるべく控えるようにしてください。",水製エキス(4.4g),ソウジュツ(1.6g)、チンピ(1.6g)、トウキ(1.6g)、ハンゲ(1.6g)、ビャクジュツ(1.6g)、ブクリョウ(1.6g)、カンキョウ(0.8g)、カンゾウ(0.8g)、キキョウ(0.8g)、キコク(0.8g)、ケイヒ(0.8g)、コウボク(0.8g)、シャクヤク(0.8g)、センキュウ(0.8g)、タイソウ(0.8g)、ビャクシ(0.8g)、マオウ(0.8g)、ショウキョウ(0.24g),ステアリン酸マグネシウム、トウモロコシデンプン、乳糖水和物、プルラン、メタケイ酸アルミン酸マグネシウム,3包(7.2g),"食前または食間に服用してください。
食間とは……食後2～3時間を指します。

［年齢：1回量：1日服用回数］
大人（15歳以上）：1包：3回
15歳未満7歳以上：2／3包：3回
7歳未満4歳以上：1／2包：3回
4歳未満2歳以上：1／3包：3回
2歳未満：1／4包：3回","■してはいけないこと
（守らないと現在の症状が悪化したり、副作用が起こりやすくなります）
 

 次の人は服用しないでください
　生後3ヵ月未満の乳児。
 


 ■相談すること
 

 1．次の人は服用前に医師、薬剤師または登録販売者に相談してください
　（1）医師の治療を受けている人。
　（2）妊婦または妊娠していると思われる人。
　（3）体の虚弱な人（体力の衰えている人、体の弱い人）。
　（4）胃腸の弱い人。
　（5）発汗傾向の著しい人。
　（6）高齢者。
　（7）今までに薬などにより発疹・発赤、かゆみ等を起こしたことがある人。
　（8）次の症状のある人。
　　排尿困難
　（9）次の診断を受けた人。
　　高血圧、心臓病、腎臓病、甲状腺機能障害
2．服用後、次の症状があらわれた場合は副作用の可能性がありますので、直ちに服用を中止し、この文書を持って医師、薬剤師または登録販売者に相談してください

［関係部位：症状］
皮膚：発疹・発赤、かゆみ

3．1ヵ月位（感冒に服用する場合には1週間位）服用しても症状がよくならない場合は服用を中止し、この文書を持って医師、薬剤師または登録販売者に相談してください","（1）小児に服用させる場合には、保護者の指導監督のもとに服用させてください。
（2）1歳未満の乳児には、医師の診療を受けさせることを優先し、止むを得ない場合にのみ服用させてください。"
牛車腎気丸エキス細粒G「コタロー」,https://www.kegg.jp/medicus-bin/japic_otc?japic_code=J1701000049,牛車腎気丸,体力中等度以下で、疲れやすくて、四肢が冷えやすく尿量減少し、むくみがあり、ときに口渇があるものの次の諸症：下肢痛、腰痛、しびれ、高齢者のかすみ目、かゆみ、排尿困難、頻尿、むくみ、高血圧に伴う随伴症状の改善（肩こり、頭重、耳鳴り）,"本剤は、漢方の古典「済生方」に収載された牛車腎気丸に準拠して製造された細粒剤です。
　中高年になると、手足が冷え、寒い時はもとより夏でも冷房で冷えやすく、夜間はよくトイレに起きるとか尿の出がスッキリしない、足がむくんだり、腰が痛む、目がかすむなど、体のあちこちに老化の兆しがみられるようになります。
　漢方では生命のエネルギーに密接にかかわりがあるとされる「腎」の働きの衰え（漢方では「腎虚」といいます）と考えています。
　牛車腎気丸エキス細粒G「コタロー」は、八味地黄丸に、牛車の名にあるように牛膝（イノコズチの根）と車前子（オオバコの種子）を加えた漢方薬で上記の腎虚の症状を改善します。",牛車腎気丸エキス散(3.4g),ジオウ(2.5g)、ゴシツ(1.5g)、サンシュユ(1.5g)、サンヤク(1.5g)、シャゼンシ(1.5g)、タクシャ(1.5g)、ブクリョウ(1.5g)、ボタンピ(1.5g)、ケイヒ(0.5g)、ブシ(0.5g),含水二酸化ケイ素、軽質無水ケイ酸、ステアリン酸マグネシウム,3包(4.5g),"食前または食間に服用してください。
食間とは……食後2～3時間を指します。

［年齢：1回量：1日服用回数］
大人（15歳以上）：1包：3回
15歳未満7歳以上：2／3包：3回
7歳未満4歳以上：1／2包：3回
4歳未満：服用しないでください","■相談すること
 

 1．次の人は服用前に医師、薬剤師または登録販売者に相談してください
　（1）医師の治療を受けている人。
　（2）妊婦または妊娠していると思われる人。
　（3）胃腸が弱く下痢しやすい人。
　（4）のぼせが強く赤ら顔で体力の充実している人。
　（5）今までに薬などにより発疹・発赤、かゆみ等を起こしたことがある人。
2．服用後、次の症状があらわれた場合は副作用の可能性がありますので、直ちに服用を中止し、この文書を持って医師、薬剤師または登録販売者に相談してください

［関係部位：症状］
皮膚：発疹・発赤、かゆみ
消化器：食欲不振、胃部不快感、腹痛
その他：動悸、のぼせ、口唇・舌のしびれ

　まれに次の重篤な症状が起こることがあります。その場合は直ちに医師の診療を受けてください。

［症状の名称：症状］
間質性肺炎：階段を上ったり、少し無理をしたりすると息切れがする・息苦しくなる、空せき、発熱等がみられ、これらが急にあらわれたり、持続したりする。
肝機能障害：発熱、かゆみ、発疹、黄疸（皮膚や白目が黄色くなる）、褐色尿、全身のだるさ、食欲不振等があらわれる。

3．服用後、次の症状があらわれることがありますので、このような症状の持続または増強が見られた場合には、服用を中止し、この文書を持って医師、薬剤師または登録販売者に相談してください
　下痢
4．1ヵ月位服用しても症状がよくならない場合は服用を中止し、この文書を持って医師、薬剤師または登録販売者に相談してください",小児に服用させる場合には、保護者の指導監督のもとに服用させてください。
牛車腎気丸エキス錠N「コタロー」,https://www.kegg.jp/medicus-bin/japic_otc?japic_code=J1401000309,牛車腎気丸,体力中等度以下で、疲れやすくて、四肢が冷えやすく尿量減少し、むくみがあり、ときに口渇があるものの次の諸症：下肢痛、腰痛、しびれ、高齢者のかすみ目、かゆみ、排尿困難、頻尿、むくみ、高血圧に伴う随伴症状の改善（肩こり、頭重、耳鳴り）,"本剤は、漢方の古典「済生方」に収載された牛車腎気丸に準拠して製造された錠剤です。
　中高年になると、手足が冷え、寒い時はもとより夏でも冷房で冷えやすく、夜間はよくトイレに起きるとか尿の出がスッキリしない、足がむくんだり、腰が痛む、目がかすむなど、体のあちこちに老化の兆しがみられるようになります。
　漢方では生命のエネルギーに密接にかかわりがあるとされる「腎」の働きの衰え（漢方では「腎虚」といいます）と考えています。
　牛車腎気丸エキス錠N「コタロー」は、八味地黄丸に、牛車の名にあるように牛膝（イノコズチの根）と車前子（オオバコの種子）を加えた漢方薬で上記の腎虚の症状を改善します。",牛車腎気丸エキス散(3.4g),ジオウ(2.5g)、ゴシツ(1.5g)、サンシュユ(1.5g)、サンヤク(1.5g)、シャゼンシ(1.5g)、タクシャ(1.5g)、ブクリョウ(1.5g)、ボタンピ(1.5g)、ケイヒ(0.5g)、ブシ(0.5g),カルメロースカルシウム(CMC-Ca)、含水二酸化ケイ素、クロスカルメロースナトリウム(クロスCMC-Na)、軽質無水ケイ酸、ステアリン酸マグネシウム、トウモロコシデンプン,21錠,"食前または食間に服用してください。
食間とは……食後2～3時間を指します。

［年齢：1回量：1日服用回数］
大人（15歳以上）：7錠：3回
15歳未満7歳以上：5錠：3回
7歳未満5歳以上：4錠：3回
5歳未満：服用しないでください","■相談すること
 

 1．次の人は服用前に医師、薬剤師または登録販売者に相談してください
　（1）医師の治療を受けている人。
　（2）妊婦または妊娠していると思われる人。
　（3）胃腸が弱く下痢しやすい人。
　（4）のぼせが強く赤ら顔で体力の充実している人。
　（5）今までに薬などにより発疹・発赤、かゆみ等を起こしたことがある人。
2．服用後、次の症状があらわれた場合は副作用の可能性がありますので、直ちに服用を中止し、この文書を持って医師、薬剤師または登録販売者に相談してください

［関係部位：症状］
皮膚：発疹・発赤、かゆみ
消化器：食欲不振、胃部不快感、腹痛
その他：動悸、のぼせ、口唇・舌のしびれ

　まれに次の重篤な症状が起こることがあります。その場合は直ちに医師の診療を受けてください。

［症状の名称：症状］
間質性肺炎：階段を上ったり、少し無理をしたりすると息切れがする・息苦しくなる、空せき、発熱等がみられ、これらが急にあらわれたり、持続したりする。
肝機能障害：発熱、かゆみ、発疹、黄疸（皮膚や白目が黄色くなる）、褐色尿、全身のだるさ、食欲不振等があらわれる。

3．服用後、次の症状があらわれることがありますので、このような症状の持続または増強が見られた場合には、服用を中止し、この文書を持って医師、薬剤師または登録販売者に相談してください
　下痢
4．1ヵ月位服用しても症状がよくならない場合は服用を中止し、この文書を持って医師、薬剤師または登録販売者に相談してください",小児に服用させる場合には、保護者の指導監督のもとに服用させてください。
五淋散エキス細粒G「コタロー」,https://www.kegg.jp/medicus-bin/japic_otc?japic_code=J0901000559,五淋散,体力中等度のものの次の諸症：頻尿、排尿痛、残尿感、尿のにごり,"ちょっとしたかぜや、からだ（特に下半身）が冷えたり、疲れたとき、あるいは排尿を長時間我慢したことが引き金となって、昼夜を問わずトイレが近くなり、そのたびに耐えられない排尿痛があり、尿の色が濃いまたは濁っている、といったことが起こることがあります。
　一般に女性に多いものですが、専門的な治療を受けてよくなっても、患部に不快感や残尿感がのこっていたり、すぐまた再発する場合も少なくありません。
　五淋散エキス細粒G「コタロー」は、このような泌尿器の炎症による症状をとるのに用いられる漢方薬です。",エキス散(3.36g),ブクリョウ(3g)、オウゴン(1.5g)、カッセキ(1.5g)、カンゾウ(1.5g)、ジオウ(1.5g)、シャゼンシ(1.5g)、タクシャ(1.5g)、トウキ(1.5g)、モクツウ(1.5g)、サンシシ(1g)、シャクヤク(1g),含水二酸化ケイ素、軽質無水ケイ酸、ステアリン酸マグネシウム、トウモロコシデンプン、乳糖水和物,3包(4.5g),"食前または食間に服用してください。
食間とは……食後2～3時間を指します。

［年齢：1回量：1日服用回数］
大人（15歳以上）：1包または1.5g：3回
15歳未満7歳以上：2／3包または1.0g：3回
7歳未満4歳以上：1／2包または0.75g：3回
4歳未満2歳以上：1／3包または0.5g：3回
2歳未満：1／4包または0.37g：3回

（大入り剤に添付のサジは、すり切り一杯で約0.6gです）","■してはいけないこと
（守らないと現在の症状が悪化したり、副作用が起こりやすくなります）
 

 次の人は服用しないでください
　生後3ヵ月未満の乳児。
 


 ■相談すること
 

 1．次の人は服用前に医師、薬剤師または登録販売者に相談してください
　（1）医師の治療を受けている人。
　（2）妊婦または妊娠していると思われる人。
　（3）胃腸が弱く下痢しやすい人。
　（4）高齢者。
　（5）次の症状のある人。
　　むくみ
　（6）次の診断を受けた人。
　　高血圧、心臓病、腎臓病
2．服用後、次の症状があらわれた場合は副作用の可能性がありますので、直ちに服用を中止し、この文書を持って医師、薬剤師または登録販売者に相談してください

［関係部位：症状］
消化器：食欲不振、胃部不快感

　まれに次の重篤な症状が起こることがあります。その場合は直ちに医師の診療を受けてください。

［症状の名称：症状］
間質性肺炎：階段を上ったり、少し無理をしたりすると息切れがする・息苦しくなる、空せき、発熱等がみられ、これらが急にあらわれたり、持続したりする。
偽アルドステロン症：手足のだるさ、しびれ、つっぱり感やこわばりに加えて、脱力感、筋肉痛があらわれ、徐々に強くなる。
ミオパチー：手足のだるさ、しびれ、つっぱり感やこわばりに加えて、脱力感、筋肉痛があらわれ、徐々に強くなる。
腸間膜静脈硬化症：長期服用により、腹痛、下痢、便秘、腹部膨満等が繰り返しあらわれる。

3．服用後、次の症状があらわれることがありますので、このような症状の持続または増強が見られた場合には、服用を中止し、この文書を持って医師、薬剤師または登録販売者に相談してください
　下痢
4．1ヵ月位服用しても症状がよくならない場合は服用を中止し、この文書を持って医師、薬剤師または登録販売者に相談してください
5．長期連用する場合には、医師、薬剤師または登録販売者に相談してください","（1）小児に服用させる場合には、保護者の指導監督のもとに服用させてください。
（2）1歳未満の乳児には、医師の診療を受けさせることを優先し、止むを得ない場合にのみ服用させてください。"
柴葛解肌湯エキス細粒G「コタロー」,https://www.kegg.jp/medicus-bin/japic_otc?japic_code=J1301000302,柴葛解肌湯,体力中等度以上で、激しい感冒様症状を示すものの次の諸症：発熱、悪寒、頭痛、四肢の痛み、全身倦怠、口渇、食欲不振、吐き気、鼻腔乾燥、不眠,"「風邪は万病のもと」とよくいわれます。一般に風邪をひいてもすぐに治ることが多いですが、風邪くらいと軽くみていると、長引いて体力を消耗して、他の病気にかかってとりかえしのつかないこともあり、このようにいわれています。
　いわゆる風邪（感冒）は、種々の原因で起こる呼吸器系炎症の総称で、鼻炎やノドの痛み、咳などの上気道炎の症状の他に、悪寒、発熱、疲労倦怠などの全身症状を伴うこともあります。薬も飲まず休養と栄養だけで治る鼻かぜなどの軽い風邪から、高熱を発して悪寒、頭痛があり、四肢の関節が痛み、全身倦怠感を訴えるなど、全身に激しい症状がでるインフルエンザ様症状までさまざまです。
　柴葛解肌湯エキス細粒G「コタロー」は、このような風邪の激しい症状に適した漢方薬です。風邪はこじらせないためにも、早めの治療が大切です。高齢者や妊婦、幼児など抵抗力が劣っている方は、特に注意してください。",水製エキス(4.2g),セッコウ(6.4g)、サイコ(4g)、カッコン(3.2g)、ハンゲ(3.2g)、オウゴン(2.4g)、ケイヒ(2.4g)、シャクヤク(2.4g)、マオウ(2.4g)、カンゾウ(1.6g)、ショウキョウ(0.4g),含水二酸化ケイ素、ステアリン酸マグネシウム、アメ粉,3包(7.5g),"食前または食間に服用してください。
食間とは……食後2～3時間を指します。

［年齢：1回量：1日服用回数］
大人（15歳以上）：1包または2.5g：3回
15歳未満7歳以上：2／3包または1.7g：3回
7歳未満4歳以上：1／2包または1.3g：3回
4歳未満2歳以上：1／3包または0.8g：3回
2歳未満：1／4包または0.6g：3回

（大入り剤に添付のサジは、すり切り一杯で約0.6gです）","■してはいけないこと
（守らないと現在の症状が悪化したり、副作用が起こりやすくなります）
 

 次の人は服用しないでください
　生後3ヵ月未満の乳児。
 


 ■相談すること
 

 1．次の人は服用前に医師、薬剤師または登録販売者に相談してください
　（1）医師の治療を受けている人。
　（2）妊婦または妊娠していると思われる人。
　（3）体の虚弱な人（体力の衰えている人、体の弱い人）。
　（4）胃腸の弱い人。
　（5）発汗傾向の著しい人。
　（6）高齢者。
　（7）今までに薬などにより発疹・発赤、かゆみ等を起こしたことがある人。
　（8）次の症状のある人。
　　むくみ、排尿困難
　（9）次の診断を受けた人。
　　高血圧、心臓病、腎臓病、甲状腺機能障害
2．服用後、次の症状があらわれた場合は副作用の可能性がありますので、直ちに服用を中止し、この文書を持って医師、薬剤師または登録販売者に相談してください

［関係部位：症状］
皮膚：発疹・発赤、かゆみ
消化器：吐き気、食欲不振、胃部不快感

　まれに次の重篤な症状が起こることがあります。その場合は直ちに医師の診療を受けてください。

［症状の名称：症状］
偽アルドステロン症：手足のだるさ、しびれ、つっぱり感やこわばりに加えて、脱力感、筋肉痛があらわれ、徐々に強くなる。
ミオパチー：手足のだるさ、しびれ、つっぱり感やこわばりに加えて、脱力感、筋肉痛があらわれ、徐々に強くなる。

3．服用後、次の症状があらわれることがありますので、このような症状の持続または増強が見られた場合には、服用を中止し、この文書を持って医師、薬剤師または登録販売者に相談してください
　下痢
4．5～6日間（発熱、悪寒、頭痛、はきけに服用する場合には5～6回）服用しても症状がよくならない場合は服用を中止し、この文書を持って医師、薬剤師または登録販売者に相談してください
5．長期連用する場合には、医師、薬剤師または登録販売者に相談してください","（1）小児に服用させる場合には、保護者の指導監督のもとに服用させてください。
（2）1歳未満の乳児には、医師の診療を受けさせることを優先し、止むを得ない場合にのみ服用させてください。"
柴胡桂枝湯エキス細粒G「コタロー」,https://www.kegg.jp/medicus-bin/japic_otc?japic_code=J0801000351,柴胡桂枝湯,多くは腹痛を伴う胃腸炎、微熱・寒気・頭痛・吐き気などのある感冒、風邪の後期の症状,"本剤は、スッキリ治らない風邪や胃腸の弱っているときに用いられる処方です。
　柴胡桂枝湯エキス細粒G「コタロー」は、風邪をひいてしばらくしても、脇の下などに汗をかいていて、微熱が残っているとか、頭が重い、はき気がして食欲がないといった治りきらない風邪の方に効果があります。また、イライラして急におなかが痛んだり、食欲もなく、はき気があるといった場合にも効果があります。",柴胡桂枝湯エキス(3.2g),サイコ(4g)、ハンゲ(3.2g)、ケイヒ(2g)、オウゴン(1.6g)、シャクヤク(1.6g)、タイソウ(1.6g)、ニンジン(1.6g)、カンゾウ(1.2g)、ショウキョウ(0.4g),ステアリン酸マグネシウム、トウモロコシデンプン、乳糖水和物、プルラン、メタケイ酸アルミン酸マグネシウム,3包(4.8g),"食前または食間に服用してください。
食間とは……食後2～3時間を指します。

［年齢：1回量：1日服用回数］
大人（15歳以上）：1包または1.6g：3回
15歳未満7歳以上：2／3包または1.1g：3回
7歳未満4歳以上：1／2包または0.8g：3回
4歳未満2歳以上：1／3包または0.5g：3回
2歳未満：1／4包または0.4g：3回

（大入り剤に添付のサジは、すり切り一杯で約0.6gです）","■してはいけないこと
（守らないと現在の症状が悪化したり、副作用が起こりやすくなります）
 

 次の人は服用しないでください
　生後3ヵ月未満の乳児。
 


 ■相談すること
 

 1．次の人は服用前に医師、薬剤師または登録販売者に相談してください
　（1）医師の治療を受けている人。
　（2）妊婦または妊娠していると思われる人。
　（3）高齢者。
　（4）今までに薬などにより発疹・発赤、かゆみ等を起こしたことがある人。
　（5）次の症状のある人。
　　むくみ
　（6）次の診断を受けた人。
　　高血圧、心臓病、腎臓病
2．服用後、次の症状があらわれた場合は副作用の可能性がありますので、直ちに服用を中止し、この文書を持って医師、薬剤師または登録販売者に相談してください

［関係部位：症状］
皮膚：発疹・発赤、かゆみ
その他：頻尿、排尿痛、血尿、残尿感

　まれに次の重篤な症状が起こることがあります。その場合は直ちに医師の診療を受けてください。

［症状の名称：症状］
間質性肺炎：階段を上ったり、少し無理をしたりすると息切れがする・息苦しくなる、空せき、発熱等がみられ、これらが急にあらわれたり、持続したりする。
偽アルドステロン症：手足のだるさ、しびれ、つっぱり感やこわばりに加えて、脱力感、筋肉痛があらわれ、徐々に強くなる。
ミオパチー：手足のだるさ、しびれ、つっぱり感やこわばりに加えて、脱力感、筋肉痛があらわれ、徐々に強くなる。
肝機能障害：発熱、かゆみ、発疹、黄疸（皮膚や白目が黄色くなる）、褐色尿、全身のだるさ、食欲不振等があらわれる。

3．1ヵ月位（かぜの中期から後期の症状の場合には1週間位）服用しても症状がよくならない場合は服用を中止し、この文書を持って医師、薬剤師または登録販売者に相談してください
4．長期連用する場合には、医師、薬剤師または登録販売者に相談してください","（1）小児に服用させる場合には、保護者の指導監督のもとに服用させてください。
（2）1歳未満の乳児には、医師の診療を受けさせることを優先し、止むを得ない場合にのみ服用させてください。"
柴胡清肝湯エキス細粒G「コタロー」,https://www.kegg.jp/medicus-bin/japic_otc?japic_code=J1401000266,柴胡清肝湯,体力中等度で、疳の強い傾向（神経過敏）にあるものの次の諸症：神経症、慢性扁桃炎、湿疹・皮膚炎、虚弱児の体質改善,"本剤は、一貫堂・森道伯の創方による処方にもとづいてつくられたエキスを、飲みやすく細粒剤としたものです。
　近年は食生活や生活環境の変化に伴い、アレルギー性などの湿疹がなかなか治らなかったり、すぐ扁桃を腫らしてしまう小児が増えています。",水製エキス(4.56g),サイコ(1.6g)、オウゴン(1.2g)、オウバク(1.2g)、オウレン(1.2g)、カロコン(1.2g)、カンゾウ(1.2g)、キキョウ(1.2g)、ゴボウシ(1.2g)、サンシシ(1.2g)、ジオウ(1.2g)、シャクヤク(1.2g)、センキュウ(1.2g)、トウキ(1.2g)、ハッカ(1.2g)、レンギョウ(1.2g),ステアリン酸マグネシウム、トウモロコシデンプン、乳糖水和物、プルラン、メタケイ酸アルミン酸マグネシウム,3包(7.2g),"食前または食間に服用してください。
食間とは……食後2～3時間を指します。

［年齢：1回量：1日服用回数］
大人（15歳以上）：1包または2.4g：3回
15歳未満7歳以上：2／3包または1.6g：3回
7歳未満4歳以上：1／2包または1.2g：3回
4歳未満2歳以上：1／3包または0.8g：3回
2歳未満：1／4包または0.6g：3回

（大入り剤に添付のサジは、すり切り一杯で約0.6gです）","■してはいけないこと
（守らないと現在の症状が悪化したり、副作用が起こりやすくなります）
 

 次の人は服用しないでください
　生後3ヵ月未満の乳児。
 


 ■相談すること
 

 1．次の人は服用前に医師、薬剤師または登録販売者に相談してください
　（1）医師の治療を受けている人。
　（2）妊婦または妊娠していると思われる人。
　（3）胃腸が弱く下痢しやすい人。
　（4）高齢者。
　（5）今までに薬などにより発疹・発赤、かゆみ等を起こしたことがある人。
　（6）次の症状のある人。
　　むくみ
　（7）次の診断を受けた人。
　　高血圧、心臓病、腎臓病
2．服用後、次の症状があらわれた場合は副作用の可能性がありますので、直ちに服用を中止し、この文書を持って医師、薬剤師または登録販売者に相談してください

［関係部位：症状］
皮膚：発疹・発赤、かゆみ
消化器：食欲不振、胃部不快感

　まれに次の重篤な症状が起こることがあります。その場合は直ちに医師の診療を受けてください。

［症状の名称：症状］
偽アルドステロン症：手足のだるさ、しびれ、つっぱり感やこわばりに加えて、脱力感、筋肉痛があらわれ、徐々に強くなる。
ミオパチー：手足のだるさ、しびれ、つっぱり感やこわばりに加えて、脱力感、筋肉痛があらわれ、徐々に強くなる。
腸間膜静脈硬化症：長期服用により、腹痛、下痢、便秘、腹部膨満等が繰り返しあらわれる。

3．服用後、次の症状があらわれることがありますので、このような症状の持続または増強が見られた場合には、服用を中止し、この文書を持って医師、薬剤師または登録販売者に相談してください
　下痢
4．1ヵ月位服用しても症状がよくならない場合は服用を中止し、この文書を持って医師、薬剤師または登録販売者に相談してください
5．長期連用する場合には、医師、薬剤師または登録販売者に相談してください
6．本剤の服用により、まれに症状が進行することもありますので、このような場合には、服用を中止し、この文書を持って医師、薬剤師または登録販売者に相談してください","（1）小児に服用させる場合には、保護者の指導監督のもとに服用させてください。
（2）1歳未満の乳児には、医師の診療を受けさせることを優先し、止むを得ない場合にのみ服用させてください。"
柴胡疎肝湯エキス細粒G「コタロー」,https://www.kegg.jp/medicus-bin/japic_otc?japic_code=J1201000048,柴胡疎肝湯,体力中等度で、胸腹部に重苦しさがあり、ときに頭痛や肩背がこわばるものの次の諸症：腹痛、側胸部痛、神経痛,"どことなく張ったような痛みがあり、気を使うとその痛みがダンダンと強くなる。そのような時の痛みに用いられる処方です。
　柴胡疎肝湯エキス細粒G「コタロー」は、ストレスなどを受けても上手に発散できず、気の巡りが悪くなり、胸や脇、腹が痛むものに適しています。また、気の滞りが循環障害を起こし、頭痛や肩背が強ばるものにも用いられます。",水製エキス(3.5g),サイコ(3.2g)、シャクヤク(3.2g)、キジツ(2.4g)、コウブシ(2.4g)、センキュウ(2.4g)、カンゾウ(1.6g)、セイヒ(1.6g),含水二酸化ケイ素、ステアリン酸マグネシウム、トウモロコシデンプン,3包(4.5g),"食前または食間に服用してください。
食間とは……食後2～3時間を指します。

［年齢：1回量：1日服用回数］
大人（15歳以上）：1包または1.5g：3回
15歳未満7歳以上：2／3包または1.0g：3回
7歳未満4歳以上：1／2包または0.75g：3回
4歳未満2歳以上：1／3包または0.5g：3回
2歳未満：1／4包または0.37g：3回

（大入り剤に添付のサジは、すり切り一杯で約0.6gです）","■してはいけないこと
（守らないと現在の症状が悪化したり、副作用が起こりやすくなります）
 

 次の人は服用しないでください
　生後3ヵ月未満の乳児。
 


 ■相談すること
 

 1．次の人は服用前に医師、薬剤師または登録販売者に相談してください
　（1）医師の治療を受けている人。
　（2）妊婦または妊娠していると思われる人。
　（3）体の虚弱な人（体力の衰えている人、体の弱い人）。
　（4）高齢者。
　（5）次の症状のある人。
　　むくみ
　（6）次の診断を受けた人。
　　高血圧、心臓病、腎臓病
2．服用後、次の症状があらわれた場合は副作用の可能性がありますので、直ちに服用を中止し、この文書を持って医師、薬剤師または登録販売者に相談してください

［関係部位：症状］
消化器：吐き気、食欲不振、胃部不快感、腹痛

　まれに次の重篤な症状が起こることがあります。その場合は直ちに医師の診療を受けてください。

［症状の名称：症状］
偽アルドステロン症：手足のだるさ、しびれ、つっぱり感やこわばりに加えて、脱力感、筋肉痛があらわれ、徐々に強くなる。
ミオパチー：手足のだるさ、しびれ、つっぱり感やこわばりに加えて、脱力感、筋肉痛があらわれ、徐々に強くなる。

3．服用後、次の症状があらわれることがありますので、このような症状の持続または増強が見られた場合には、服用を中止し、この文書を持って医師、薬剤師または登録販売者に相談してください
　下痢
4．1ヵ月位（腹痛に服用する場合には5～6日間）服用しても症状がよくならない場合は服用を中止し、この文書を持って医師、薬剤師または登録販売者に相談してください
5．長期連用する場合には、医師、薬剤師または登録販売者に相談してください","（1）小児に服用させる場合には、保護者の指導監督のもとに服用させてください。
（2）1歳未満の乳児には、医師の診療を受けさせることを優先し、止むを得ない場合にのみ服用させてください。"
柴芍六君子湯エキス細粒G「コタロー」,https://www.kegg.jp/medicus-bin/japic_otc?japic_code=J1101000015,柴芍六君子湯,体力中等度以下で、神経質であり、胃腸が弱くみぞおちがつかえ、食欲不振、腹痛、貧血、冷え症の傾向のあるものの次の諸症：胃炎、神経性胃炎、胃痛、胃腸虚弱、胃下垂、消化不良、食欲不振、嘔吐,"心配事があって食事したり、いろいろな不満や怒りを持って食べたりすると、美味しくないばかりか、たとえ胃が悪くなくても、みぞおちの辺りがつかえたり、胃が痛んだりすることがあります。
　柴芍六君子湯エキス細粒G「コタロー」は、ストレスを受けやすいタイプで、そのためにいつも胃腸の調子が悪く、食べるとみぞおちがつかえ、胃の痛みを訴える方に適しています。胃痛、神経性胃炎などの胃のトラブルによく用いられる漢方薬です。",水製エキス(4.9g),ニンジン(3.2g)、ハンゲ(3.2g)、ビャクジュツ(3.2g)、ブクリョウ(3.2g)、サイコ(2.4g)、シャクヤク(2.4g)、タイソウ(1.6g)、チンピ(1.6g)、カンゾウ(0.8g)、ショウキョウ(0.4g),含水二酸化ケイ素、ステアリン酸マグネシウム,3包(6g),"食前または食間に服用してください。
食間とは……食後2～3時間を指します。

［年齢：1回量：1日服用回数］
大人（15歳以上）：1包または2.0g：3回
15歳未満7歳以上：2／3包または1.3g：3回
7歳未満4歳以上：1／2包または1.0g：3回
4歳未満2歳以上：1／3包または0.7g：3回
2歳未満：1／4包または0.5g：3回

（大入り剤に添付のサジは、すり切り一杯で約0.6gです）","■してはいけないこと
（守らないと現在の症状が悪化したり、副作用が起こりやすくなります）
 

 次の人は服用しないでください
　生後3ヵ月未満の乳児。
 


 ■相談すること
 

 1．次の人は服用前に医師、薬剤師または登録販売者に相談してください
　（1）医師の治療を受けている人。
　（2）妊婦または妊娠していると思われる人。
　（3）今までに薬などにより発疹・発赤、かゆみ等を起こしたことがある人。
2．服用後、次の症状があらわれた場合は副作用の可能性がありますので、直ちに服用を中止し、この文書を持って医師、薬剤師または登録販売者に相談してください

［関係部位：症状］
皮膚：発疹・発赤、かゆみ

3．1ヵ月位（消化不良、胃痛、嘔吐に服用する場合には1週間位）服用しても症状がよくならない場合は服用を中止し、この文書を持って医師、薬剤師または登録販売者に相談してください","（1）小児に服用させる場合には、保護者の指導監督のもとに服用させてください。
（2）1歳未満の乳児には、医師の診療を受けさせることを優先し、止むを得ない場合にのみ服用させてください。"
柴苓湯エキス細粒G「コタロー」,https://www.kegg.jp/medicus-bin/japic_otc?japic_code=J0901000385,柴苓湯,吐き気、食欲不振、のどのかわき、排尿が少ないなどの次の諸症：水瀉性下痢、急性胃腸炎、暑気あたり、むくみ,"本剤は、小柴胡湯と五苓散料を合わせた処方です。精神的ストレスや疲労により、胃腸の調子が悪く、体内の水分代謝がうまく働かない方に効果があります。
　柴苓湯エキス細粒G「コタロー」は、胃腸炎などによる下痢や吐き気、むくみなどに効果があり、ノドのかわきや尿量が少ないことを目標に用います。",柴苓湯エキス(4.8g),サイコ(5.6g)、タクシャ(4g)、ハンゲ(4g)、オウゴン(2.4g)、ソウジュツ(2.4g)、タイソウ(2.4g)、チョレイ(2.4g)、ニンジン(2.4g)、ブクリョウ(2.4g)、カンゾウ(1.6g)、ケイヒ(1.6g)、ショウキョウ(0.8g),含水二酸化ケイ素、ステアリン酸マグネシウム、トウモロコシデンプン,3包(6g),"食前または食間に服用してください。
食間とは……食後2～3時間を指します。

［年齢：1回量：1日服用回数］
大人（15歳以上）：1包または2.0g：3回
15歳未満7歳以上：2／3包または1.3g：3回
7歳未満4歳以上：1／2包または1.0g：3回
4歳未満2歳以上：1／3包または0.7g：3回
2歳未満：1／4包または0.5g：3回

（大入り剤に添付のサジは、すり切り一杯で約0.6gです）","■してはいけないこと
（守らないと現在の症状が悪化したり、副作用が起こりやすくなります）
 

 次の人は服用しないでください
　生後3ヵ月未満の乳児。
 


 ■相談すること
 

 1．次の人は服用前に医師、薬剤師または登録販売者に相談してください
　（1）医師の治療を受けている人。
　（2）妊婦または妊娠していると思われる人。
　（3）体の虚弱な人（体力の衰えている人、体の弱い人）。
　（4）高齢者。
　（5）今までに薬などにより発疹・発赤、かゆみ等を起こしたことがある人。
　（6）次の症状のある人。
　　むくみ
　（7）次の診断を受けた人。
　　高血圧、心臓病、腎臓病
2．服用後、次の症状があらわれた場合は副作用の可能性がありますので、直ちに服用を中止し、この文書を持って医師、薬剤師または登録販売者に相談してください

［関係部位：症状］
皮膚：発疹・発赤、かゆみ
その他：頻尿、排尿痛、血尿、残尿感

　まれに次の重篤な症状が起こることがあります。その場合は直ちに医師の診療を受けてください。

［症状の名称：症状］
間質性肺炎：階段を上ったり、少し無理をしたりすると息切れがする・息苦しくなる、空せき、発熱等がみられ、これらが急にあらわれたり、持続したりする。
偽アルドステロン症：手足のだるさ、しびれ、つっぱり感やこわばりに加えて、脱力感、筋肉痛があらわれ、徐々に強くなる。
ミオパチー：手足のだるさ、しびれ、つっぱり感やこわばりに加えて、脱力感、筋肉痛があらわれ、徐々に強くなる。
肝機能障害：発熱、かゆみ、発疹、黄疸（皮膚や白目が黄色くなる）、褐色尿、全身のだるさ、食欲不振等があらわれる。

3．1ヵ月位（急性胃腸炎に服用する場合には5～6回、水様性下痢、暑気あたりに服用する場合には5～6日間）服用しても症状がよくならない場合は服用を中止し、この文書を持って医師、薬剤師または登録販売者に相談してください
4．長期連用する場合には、医師、薬剤師または登録販売者に相談してください","（1）小児に服用させる場合には、保護者の指導監督のもとに服用させてください。
（2）1歳未満の乳児には、医師の診療を受けさせることを優先し、止むを得ない場合にのみ服用させてください。"
参茸大補丸錠「コタロー」,https://www.kegg.jp/medicus-bin/japic_otc?japic_code=J1701000182,生薬製剤,次の場合の滋養強壮：虚弱体質、肉体疲労、病中病後、胃腸虚弱、食欲不振、血色不良、冷え症,"参茸大補丸錠「コタロー」は、古来よりたいへん貴重なものとされている動物生薬の鹿茸・牛黄に、滋養強壮の黄耆・紅参を加えた、疲れた体をサポートする錠剤タイプの生薬製剤です。
　虚弱体質の方、肉体疲労時、病中病後の方、胃腸虚弱な方、食欲のない方、冷え症などに滋養強壮として用いられます。ストレスの多い現代人の肉体疲労や虚弱体質の改善などに効果的です。",コウジンエキス(600mg)、オウギエキス(270mg),紅参(3840mg)、黄耆(1200mg)、ロクジョウ末(100mg)、ゴオウ末(10mg),アメ粉、含水二酸化ケイ素、クロスカルメロースナトリウム(クロスCMC-Na)、ステアリン酸マグネシウム、低置換度ヒドロキシプロピルセルロース,6錠,"食前または食間に服用してください。
食間とは……食後2～3時間を指します。

［年齢：1回量：1日服用回数］
成人（15歳以上）：2錠：3回
15歳未満：服用しないでください","■相談すること
 

 1．服用後、次の症状があらわれた場合は副作用の可能性がありますので、直ちに服用を中止し、この文書を持って医師、薬剤師または登録販売者に相談してください

［関係部位：症状］
皮膚：発疹・発赤、かゆみ

2．長期連用する場合には、医師、薬剤師または登録販売者に相談してください",定められた用法・用量を厳守してください。
酸棗仁湯エキス細粒G「コタロー」,https://www.kegg.jp/medicus-bin/japic_otc?japic_code=J1001000408,酸棗仁湯,体力中等度以下で、心身が疲れ、精神不安、不眠などがあるものの次の諸症：不眠症、神経症,"一般に心身が程よく疲れていると眠くなるものですが、心身ともに疲れ果てると逆に眠れない時があります。疲れて体力が衰えることで、精神の興奮を抑えることができずに不眠に陥るわけです。こんな時に使うのが酸棗仁湯エキス細粒G「コタロー」です。
　心身が疲れているために、眠れるが眠りが浅く、すぐに目が覚めてしまうような、深い眠りを得ることができない場合にも、適応いたします。
　また、心身が疲れ、精神が不安定な方の神経症にも用いられる漢方薬です。",水製エキス(2.4g),サンソウニン(12g)、ブクリョウ(4g)、センキュウ(2.4g)、チモ(2.4g)、カンゾウ(0.8g),含水二酸化ケイ素、ステアリン酸マグネシウム、トウモロコシデンプン、アメ粉,3包(4.5g),"食前または食間に服用してください。
食間とは……食後2～3時間を指します。

［年齢：1回量：1日服用回数］
大人（15歳以上）：1包または1.5g：3回
15歳未満7歳以上：2／3包または1.0g：3回
7歳未満4歳以上：1／2包または0.75g：3回
4歳未満2歳以上：1／3包または0.5g：3回
2歳未満：1／4包または0.37g：3回

（大入り剤に添付のサジは、すり切り一杯で約0.6gです）","■してはいけないこと
（守らないと現在の症状が悪化したり、副作用が起こりやすくなります）
 

 次の人は服用しないでください
　生後3ヵ月未満の乳児。
 


 ■相談すること
 

 1．次の人は服用前に医師、薬剤師または登録販売者に相談してください
　（1）医師の治療を受けている人。
　（2）妊婦または妊娠していると思われる人。
　（3）胃腸の弱い人。
　（4）下痢または下痢傾向のある人。
2．服用後、次の症状があらわれた場合は副作用の可能性がありますので、直ちに服用を中止し、この文書を持って医師、薬剤師または登録販売者に相談してください

［関係部位：症状］
消化器：吐き気、食欲不振、胃部不快感

3．服用後、次の症状があらわれることがありますので、このような症状の持続または増強が見られた場合には、服用を中止し、この文書を持って医師、薬剤師または登録販売者に相談してください
　下痢
4．1週間位服用しても症状がよくならない場合は服用を中止し、この文書を持って医師、薬剤師または登録販売者に相談してください","（1）小児に服用させる場合には、保護者の指導監督のもとに服用させてください。
（2）1歳未満の乳児には、医師の診療を受けさせることを優先し、止むを得ない場合にのみ服用させてください。"
三物黄芩湯エキス細粒G「コタロー」,https://www.kegg.jp/medicus-bin/japic_otc?japic_code=J1001000007,三物黄芩湯,体力中等度又はやや虚弱で、手足のほてりがあるものの次の諸症：湿疹・皮膚炎、手足のあれ（手足の湿疹・皮膚炎）、不眠,"元来「産褥期の発熱（産後の感染）」に使用された処方ですが、手掌や足の裏がほてって気持ちが悪い、布団の外に手足を出して寝るような方の「手足のほてり」を目標に応用されてきました。
　三物黄ごん湯エキス細粒G「コタロー」は、熱やカユミを鎮めてくれることから、現在では熱感で寝つけない不眠症やカユミが頑固な皮膚病などにも用いられます。",水製エキス(3.65g),ジオウ(4.8g)、オウゴン(2.4g)、クジン(2.4g),含水二酸化ケイ素、ステアリン酸マグネシウム、トウモロコシデンプン,3包(4.5g),"食前または食間に服用してください。
食間とは……食後2～3時間を指します。

［年齢：1回量：1日服用回数］
大人（15歳以上）：1包または1.5g：3回
15歳未満7歳以上：2／3包または1.0g：3回
7歳未満4歳以上：1／2包または0.75g：3回
4歳未満2歳以上：1／3包または0.5g：3回
2歳未満：1／4包または0.38g：3回

（大入り剤に添付のサジは、すり切り一杯で約0.6gです）","■してはいけないこと
（守らないと現在の症状が悪化したり、副作用が起こりやすくなります）
 

 次の人は服用しないでください
　生後3ヵ月未満の乳児。
 


 ■相談すること
 

 1．次の人は服用前に医師、薬剤師または登録販売者に相談してください
　（1）医師の治療を受けている人。
　（2）妊婦または妊娠していると思われる人。
　（3）胃腸が弱く下痢しやすい人。
2．服用後、次の症状があらわれた場合は副作用の可能性がありますので、直ちに服用を中止し、この文書を持って医師、薬剤師または登録販売者に相談してください

［関係部位：症状］
皮膚：発疹・発赤、かゆみ
消化器：食欲不振、胃部不快感

　まれに次の重篤な症状が起こることがあります。その場合は直ちに医師の診療を受けてください。

［症状の名称：症状］
間質性肺炎：階段を上ったり、少し無理をしたりすると息切れがする・息苦しくなる、空せき、発熱等がみられ、これらが急にあらわれたり、持続したりする。
肝機能障害：発熱、かゆみ、発疹、黄疸（皮膚や白目が黄色くなる）、褐色尿、全身のだるさ、食欲不振等があらわれる。

3．1ヵ月位服用しても症状がよくならない場合は服用を中止し、この文書を持って医師、薬剤師または登録販売者に相談してください","（1）小児に服用させる場合には、保護者の指導監督のもとに服用させてください。
（2）1歳未満の乳児には、医師の診療を受けさせることを優先し、止むを得ない場合にのみ服用させてください。"
滋陰降火湯エキス細粒G「コタロー」,https://www.kegg.jp/medicus-bin/japic_otc?japic_code=J0801000352,滋陰降火湯,体力虚弱で、のどにうるおいがなく、たんが切れにくくてせきこみ、皮膚が浅黒く乾燥し、便秘傾向のあるものの次の諸症：気管支炎、せき,"ノドが乾いて咳が出て、痰に粘り気が強くて切れにくい。これは、ノドや呼吸器が炎症で熱を持ち、潤いが足りなくなった状態です。健康な人の体では、熱とこれを冷ます水分がうまくバランスを保っています。しかし、風邪などにより呼吸器の炎症が起きると、水分が消耗してからからの状態となり、熱が際立ってしまいます。
　滋陰降火湯エキス細粒G「コタロー」は、このような場合の熱をとり、潤いを持たせることによって、熱と水分を適切なバランスにし、切れにくい痰や咳を改善する薬です。",水製エキス(6.7g),ビャクジュツ(2.4g)、ジオウ(2g)、シャクヤク(2g)、チンピ(2g)、テンモンドウ(2g)、トウキ(2g)、バクモンドウ(2g)、オウバク(1.2g)、カンゾウ(1.2g)、チモ(1.2g),含水二酸化ケイ素、ステアリン酸マグネシウム、トウモロコシデンプン,3包(9g),"食前または食間に服用してください。
食間とは……食後2～3時間を指します。

［年齢：1回量：1日服用回数］
大人（15歳以上）：1包または3.0g：3回
15歳未満7歳以上：2／3包または2.0g：3回
7歳未満4歳以上：1／2包または1.5g：3回
4歳未満2歳以上：1／3包または1.0g：3回
2歳未満：1／4包または0.75g：3回

（大入り剤に添付のサジは、すり切り一杯で約0.6gです）","■してはいけないこと
（守らないと現在の症状が悪化したり、副作用が起こりやすくなります）
 

 次の人は服用しないでください
　生後3ヵ月未満の乳児。
 


 ■相談すること
 

 1．次の人は服用前に医師、薬剤師または登録販売者に相談してください
　（1）医師の治療を受けている人。
　（2）妊婦または妊娠していると思われる人。
　（3）胃腸の弱い人。
　（4）高齢者。
　（5）今までに薬などにより発疹・発赤、かゆみ等を起こしたことがある人。
　（6）次の症状のある人。
　　むくみ
　（7）次の診断を受けた人。
　　高血圧、心臓病、腎臓病
2．服用後、次の症状があらわれた場合は副作用の可能性がありますので、直ちに服用を中止し、この文書を持って医師、薬剤師または登録販売者に相談してください

［関係部位：症状］
皮膚：発疹・発赤、かゆみ
消化器：胃部不快感

　まれに次の重篤な症状が起こることがあります。その場合は直ちに医師の診療を受けてください。

［症状の名称：症状］
偽アルドステロン症：手足のだるさ、しびれ、つっぱり感やこわばりに加えて、脱力感、筋肉痛があらわれ、徐々に強くなる。
ミオパチー：手足のだるさ、しびれ、つっぱり感やこわばりに加えて、脱力感、筋肉痛があらわれ、徐々に強くなる。

3．服用後、次の症状があらわれることがありますので、このような症状の持続または増強が見られた場合には、服用を中止し、この文書を持って医師、薬剤師または登録販売者に相談してください
　下痢
4．1ヵ月位服用しても症状がよくならない場合は服用を中止し、この文書を持って医師、薬剤師または登録販売者に相談してください
5．長期連用する場合には、医師、薬剤師または登録販売者に相談してください","（1）小児に服用させる場合には、保護者の指導監督のもとに服用させてください。
（2）1歳未満の乳児には、医師の診療を受けさせることを優先し、止むを得ない場合にのみ服用させてください。"
紫根牡蛎湯エキス細粒G「コタロー」,https://www.kegg.jp/medicus-bin/japic_otc?japic_code=J1301000033,紫根牡蠣湯,体力中等度以下のもので、消耗性疾患などに伴うものの次の諸症：乳腺の痛み、痔の痛み、湿疹・皮膚炎、貧血、疲労倦怠,"貧血気味で、いつまでも疲労がとれない方は、全身状態も悪くなり、病気に対する抵抗力が低下してきます。さらに、血行が悪くなって、皮膚に栄養が充分に行き渡らなくなると、皮膚炎や腫れものが形成され、なかなか治らなくなります。
　紫根牡蛎湯エキス細粒G「コタロー」は、このような頑固な皮膚病だけではなく、血行不良による痔（イボ痔に多い）や乳腺の腫れなどによる痛みにも応用されています。",水製エキス(5.2g),トウキ(4g)、ボレイ(3.2g)、シコン(2.4g)、シャクヤク(2.4g)、センキュウ(2.4g)、オウギ(1.6g)、ショウマ(1.6g)、ダイオウ(1.2g)、ニンドウ(1.2g)、カンゾウ(0.8g),含水二酸化ケイ素、ステアリン酸マグネシウム,3包(6g),"食前または食間に服用してください。
食間とは……食後2～3時間を指します。

［年齢：1回量：1日服用回数］
大人（15歳以上）：1包または2.0g：3回
15歳未満7歳以上：2／3包または1.3g：3回
7歳未満4歳以上：1／2包または1.0g：3回
4歳未満2歳以上：1／3包または0.7g：3回
2歳未満：1／4包または0.5g：3回

（大入り剤に添付のサジは、すり切り一杯で約0.6gです）","■してはいけないこと
（守らないと現在の症状が悪化したり、副作用が起こりやすくなります）
 

 1．次の人は服用しないでください
　生後3ヵ月未満の乳児。
2．本剤を服用している間は、次の医薬品を服用しないでください
　他の瀉下薬（下剤）
3．授乳中の人は本剤を服用しないか、本剤を服用する場合は授乳を避けてください
 


 ■相談すること
 

 1．次の人は服用前に医師、薬剤師または登録販売者に相談してください
　（1）医師の治療を受けている人。
　（2）妊婦または妊娠していると思われる人。
　（3）体の虚弱な人（体力の衰えている人、体の弱い人）。
　（4）胃腸が弱く下痢しやすい人。
　（5）今までに薬などにより発疹・発赤、かゆみ等を起こしたことがある人。
2．服用後、次の症状があらわれた場合は副作用の可能性がありますので、直ちに服用を中止し、この文書を持って医師、薬剤師または登録販売者に相談してください

［関係部位：症状］
皮膚：発疹・発赤、かゆみ
消化器：はげしい腹痛を伴う下痢、腹痛

3．服用後、次の症状があらわれることがありますので、このような症状の持続または増強が見られた場合には、服用を中止し、この文書を持って医師、薬剤師または登録販売者に相談してください
　下痢
4．1ヵ月位服用しても症状がよくならない場合は服用を中止し、この文書を持って医師、薬剤師または登録販売者に相談してください
5．本剤の服用により、まれに症状が進行することもありますので、このような場合には、服用を中止し、この文書を持って医師、薬剤師または登録販売者に相談してください","（1）小児に服用させる場合には、保護者の指導監督のもとに服用させてください。
（2）1歳未満の乳児には、医師の診療を受けさせることを優先し、止むを得ない場合にのみ服用させてください。"
滋腎通耳湯エキス細粒G「コタロー」,https://www.kegg.jp/medicus-bin/japic_otc?japic_code=J1201000257,滋腎通耳湯,体力虚弱なものの次の諸症：耳鳴り、聴力低下、めまい,"耳の異常は漢方では、腎の衰えととらえ、腎機能を高める漢方を用いて治療することが多いものです。現代人の感覚からすると、腎は体に溜まった余分な水分を排泄する働き（機能）と考えがちですが、漢方でいう腎はもっと広い意味を込めて理解しています。生命活動の原動力を提供する臓器であり、生殖・成長・発育にかかわると考えられています。
　したがって、この機能が衰えると老化が早まり、老化現象としての耳鳴り、聴力低下などの耳の異常が発生すると考えます。この考えに基づいて用いられるのが滋腎通耳湯エキス細粒G「コタロー」です。",水製エキス(4.6g),オウゴン(2g)、オウバク(2g)、コウブシ(2g)、サイコ(2g)、ジオウ(2g)、シャクヤク(2g)、センキュウ(2g)、チモ(2g)、トウキ(2g)、ビャクシ(2g),含水二酸化ケイ素、ステアリン酸マグネシウム、アメ粉,3包(6g),"食前または食間に服用してください。
食間とは……食後2～3時間を指します。

［年齢：1回量：1日服用回数］
大人（15歳以上）：1包または2.0g：3回
15歳未満7歳以上：2／3包または1.3g：3回
7歳未満4歳以上：1／2包または1.0g：3回
4歳未満2歳以上：1／3包または0.7g：3回
2歳未満：1／4包または0.5g：3回

（大入り剤に添付のサジは、すり切り一杯で約0.6gです）","■してはいけないこと
（守らないと現在の症状が悪化したり、副作用が起こりやすくなります）
 

 次の人は服用しないでください
　生後3ヵ月未満の乳児。
 


 ■相談すること
 

 1．次の人は服用前に医師、薬剤師または登録販売者に相談してください
　（1）医師の治療を受けている人。
　（2）妊婦または妊娠していると思われる人。
　（3）胃腸の弱い人。
2．服用後、次の症状があらわれた場合は副作用の可能性がありますので、直ちに服用を中止し、この文書を持って医師、薬剤師または登録販売者に相談してください

［関係部位：症状］
消化器：吐き気、食欲不振、胃部不快感、腹痛

3．服用後、次の症状があらわれることがありますので、このような症状の持続または増強が見られた場合には、服用を中止し、この文書を持って医師、薬剤師または登録販売者に相談してください
　下痢
4．1ヵ月位服用しても症状がよくならない場合は服用を中止し、この文書を持って医師、薬剤師または登録販売者に相談してください","（1）小児に服用させる場合には、保護者の指導監督のもとに服用させてください。
（2）1歳未満の乳児には、医師の診療を受けさせることを優先し、止むを得ない場合にのみ服用させてください。"
滋腎通耳湯エキス錠N「コタロー」,https://www.kegg.jp/medicus-bin/japic_otc?japic_code=J1601000009,滋腎通耳湯,体力虚弱なものの次の諸症：耳鳴り、聴力低下、めまい,"耳の異常は漢方では、腎の衰えととらえ、腎機能を高める漢方を用いて治療することが多いものです。現代人の感覚からすると、腎は体に溜まった余分な水分を排泄する働き（機能）と考えがちですが、漢方でいう腎はもっと広い意味を込めて理解しています。生命活動の原動力を提供する臓器であり、生殖・成長・発育にかかわると考えられています。
　したがって、この機能が衰えると老化が早まり、老化現象としての耳鳴り、聴力低下などの耳の異常が発生すると考えます。この考えに基づいて用いられるのが滋腎通耳湯エキス錠N「コタロー」です。",エキス散(3.45g),オウゴン(1.25g)、オウバク(1.25g)、コウブシ(1.25g)、サイコ(1.25g)、ジオウ(1.25g)、シャクヤク(1.25g)、センキュウ(1.25g)、チモ(1.25g)、トウキ(1.25g)、ビャクシ(1.25g),カルメロースカルシウム(CMC-Ca)、含水二酸化ケイ素、クロスカルメロースナトリウム(クロスCMC-Na)、軽質無水ケイ酸、ステアリン酸マグネシウム、トウモロコシデンプン、アメ粉,21錠,"食前または食間に服用してください。
食間とは……食後2～3時間を指します。

［年齢：1回量：1日服用回数］
大人（15歳以上）：7錠：3回
15歳未満7歳以上：5錠：3回
7歳未満5歳以上：4錠：3回
5歳未満：服用しないでください","■相談すること
 

 1．次の人は服用前に医師、薬剤師または登録販売者に相談してください
　（1）医師の治療を受けている人。
　（2）妊婦または妊娠していると思われる人。
　（3）胃腸の弱い人。
2．服用後、次の症状があらわれた場合は副作用の可能性がありますので、直ちに服用を中止し、この文書を持って医師、薬剤師または登録販売者に相談してください

［関係部位：症状］
消化器：吐き気、食欲不振、胃部不快感、腹痛

3．服用後、次の症状があらわれることがありますので、このような症状の持続または増強が見られた場合には、服用を中止し、この文書を持って医師、薬剤師または登録販売者に相談してください
　下痢
4．1ヵ月位服用しても症状がよくならない場合は服用を中止し、この文書を持って医師、薬剤師または登録販売者に相談してください",小児に服用させる場合には、保護者の指導監督のもとに服用させてください。
滋腎明目湯エキス細粒G「コタロー」,https://www.kegg.jp/medicus-bin/japic_otc?japic_code=J1301000034,滋腎明目湯,体力虚弱なものの次の諸症：目のかすみ、目の疲れ、目の痛み,"昔から目や耳の衰えは、病気というよりも老化現象としてとらえられています。漢方では、このような感覚器の衰えは、腎の機能を高めることで防いできました。現代の知識からすると、腎は体に溜まった老廃物や余分な水分を排泄する臓器とされていますが、漢方での腎は、生命活動の原動力を提供する臓器であり、発育・成長・生殖にかかわる機能を持ち、この機能が衰えると老化が早まると考えられています。
　滋腎明目湯エキス細粒G「コタロー」はこの考えに基づいてつくられた、目のかすみ、目の疲れ、目の痛みのお薬です。",水製エキス(6.3g),シャクヤク(2.4g)、センキュウ(2.4g)、トウキ(2.4g)、乾ジオウ(2.4g)、熟ジオウ(2.4g)、オウレン(1.2g)、カンゾウ(1.2g)、キキョウ(1.2g)、キクカ(1.2g)、サイチャ(1.2g)、サンシシ(1.2g)、トウシンソウ(1.2g)、ニンジン(1.2g)、ビャクシ(1.2g)、マンケイシ(1.2g),含水二酸化ケイ素、ステアリン酸マグネシウム,3包(7.5g),"食前または食間に服用してください。
食間とは……食後2～3時間を指します。

［年齢：1回量：1日服用回数］
大人（15歳以上）：1包または2.5g：3回
15歳未満7歳以上：2／3包または1.7g：3回
7歳未満4歳以上：1／2包または1.3g：3回
4歳未満2歳以上：1／3包または0.8g：3回
2歳未満：1／4包または0.6g：3回

（大入り剤に添付のサジは、すり切り一杯で約0.6gです）","■してはいけないこと
（守らないと現在の症状が悪化したり、副作用が起こりやすくなります）
 

 次の人は服用しないでください
　生後3ヵ月未満の乳児。
 


 ■相談すること
 

 1．次の人は服用前に医師、薬剤師または登録販売者に相談してください
　（1）医師の治療を受けている人。
　（2）妊婦または妊娠していると思われる人。
　（3）胃腸の弱い人。
　（4）高齢者。
　（5）次の症状のある人。
　　むくみ
　（6）次の診断を受けた人。
　　高血圧、心臓病、腎臓病
2．服用後、次の症状があらわれた場合は副作用の可能性がありますので、直ちに服用を中止し、この文書を持って医師、薬剤師または登録販売者に相談してください

［関係部位：症状］
消化器：吐き気、食欲不振、胃部不快感、腹痛

　まれに次の重篤な症状が起こることがあります。その場合は直ちに医師の診療を受けてください。

［症状の名称：症状］
偽アルドステロン症：手足のだるさ、しびれ、つっぱり感やこわばりに加えて、脱力感、筋肉痛があらわれ、徐々に強くなる。
ミオパチー：手足のだるさ、しびれ、つっぱり感やこわばりに加えて、脱力感、筋肉痛があらわれ、徐々に強くなる。
腸間膜静脈硬化症：長期服用により、腹痛、下痢、便秘、腹部膨満等が繰り返しあらわれる。

3．服用後、次の症状があらわれることがありますので、このような症状の持続または増強が見られた場合には、服用を中止し、この文書を持って医師、薬剤師または登録販売者に相談してください
　下痢
4．1ヵ月位服用しても症状がよくならない場合は服用を中止し、この文書を持って医師、薬剤師または登録販売者に相談してください
5．長期連用する場合には、医師、薬剤師または登録販売者に相談してください","（1）小児に服用させる場合には、保護者の指導監督のもとに服用させてください。
（2）1歳未満の乳児には、医師の診療を受けさせることを優先し、止むを得ない場合にのみ服用させてください。"
滋腎明目湯エキス錠N「コタロー」,https://www.kegg.jp/medicus-bin/japic_otc?japic_code=J1601000075,滋腎明目湯,体力虚弱なものの次の諸症：目のかすみ、目の疲れ、目の痛み,"昔から目や耳の衰えは、病気というよりも老化現象としてとらえられています。漢方では、このような感覚器の衰えは、腎の機能を高めることで防いできました。現代の知識からすると、腎は体に溜まった老廃物や余分な水分を排泄する臓器とされていますが、漢方での腎は、生命活動の原動力を提供する臓器であり、発育・成長・生殖にかかわる機能を持ち、この機能が衰えると老化が早まると考えられています。
　滋腎明目湯エキス錠N「コタロー」はこの考えに基づいてつくられた、目のかすみ、目の疲れ、目の痛みのお薬です。",エキス散(4.73g),シャクヤク(1.5g)、センキュウ(1.5g)、トウキ(1.5g)、乾ジオウ(1.5g)、熟ジオウ(1.5g)、オウレン(0.75g)、カンゾウ(0.75g)、キキョウ(0.75g)、キクカ(0.75g)、サイチャ(0.75g)、サンシシ(0.75g)、トウシンソウ(0.75g)、ニンジン(0.75g)、ビャクシ(0.75g)、マンケイシ(0.75g),カルメロースカルシウム(CMC-Ca)、含水二酸化ケイ素、クロスカルメロースナトリウム(クロスCMC-Na)、軽質無水ケイ酸、ステアリン酸マグネシウム、トウモロコシデンプン,21錠,"食前または食間に服用してください。
食間とは……食後2～3時間を指します。

［年齢：1回量：1日服用回数］
大人（15歳以上）：7錠：3回
15歳未満7歳以上：5錠：3回
7歳未満5歳以上：4錠：3回
5歳未満：服用しないでください","■相談すること
 

 1．次の人は服用前に医師、薬剤師または登録販売者に相談してください
　（1）医師の治療を受けている人。
　（2）妊婦または妊娠していると思われる人。
　（3）胃腸の弱い人。
2．服用後、次の症状があらわれた場合は副作用の可能性がありますので、直ちに服用を中止し、この文書を持って医師、薬剤師または登録販売者に相談してください

［関係部位：症状］
消化器：吐き気、食欲不振、胃部不快感、腹痛

　まれに次の重篤な症状が起こることがあります。その場合は直ちに医師の診療を受けてください。

［症状の名称：症状］
腸間膜静脈硬化症：長期服用により、腹痛、下痢、便秘、腹部膨満等が繰り返しあらわれる。

3．服用後、次の症状があらわれることがありますので、このような症状の持続または増強が見られた場合には、服用を中止し、この文書を持って医師、薬剤師または登録販売者に相談してください
　下痢
4．1ヵ月位服用しても症状がよくならない場合は服用を中止し、この文書を持って医師、薬剤師または登録販売者に相談してください
5．長期連用する場合には、医師、薬剤師または登録販売者に相談してください",小児に服用させる場合には、保護者の指導監督のもとに服用させてください。
七物降下湯エキス細粒G「コタロー」,https://www.kegg.jp/medicus-bin/japic_otc?japic_code=J1501000166,七物降下湯,体力中等度以下で、顔色が悪くて疲れやすく、胃腸障害のないものの次の諸症：高血圧に伴う随伴症状（頭重、のぼせ、耳鳴り、肩こり）,"本剤は、昭和の漢方医学復興に尽くした大塚敬節の創方による処方にもとづいてつくられたエキスを、飲みやすく細粒剤としたものです。
　中高年になると運動不足など、長年の生活習慣の影響もあって血管系の老化があらわれ、高血圧の傾向が出てくることがあります。
　社会の高齢化に伴い、またストレスや飽食など、昨今の生活環境の中でそうした高血圧の方の健康管理が一層重要になっています。
　七物降下湯エキス細粒G「コタロー」は、からだ全体の調和をはかりながら血圧にもよい影響を与えていく漢方の長所をそなえており、とくに体力にあまり自信がなく、顔色もすぐれず、頭が重い、のぼせる、あるいは耳なりがしたり、肩がこったりする方におすすめしたい漢方薬です。",水製エキス(4g),ジオウ(3.2g)、シャクヤク(3.2g)、センキュウ(3.2g)、トウキ(3.2g)、オウギ(2.4g)、チョウトウコウ(2.4g)、オウバク(1.6g),含水二酸化ケイ素、ステアリン酸マグネシウム、アメ粉,3包(5.4g),"食前または食間に服用してください。
食間とは……食後2～3時間を指します。

［年齢：1回量：1日服用回数］
大人（15歳以上）：1包または1.8g：3回
15歳未満7歳以上：2／3包または1.2g：3回
7歳未満4歳以上：1／2包または0.9g：3回
4歳未満2歳以上：1／3包または0.6g：3回
2歳未満：1／4包または0.45g：3回

（大入り剤に添付のサジは、すり切り一杯で約0.6gです）","■してはいけないこと
（守らないと現在の症状が悪化したり、副作用が起こりやすくなります）
 

 次の人は服用しないでください
　生後3ヵ月未満の乳児。
 


 ■相談すること
 

 1．次の人は服用前に医師、薬剤師または登録販売者に相談してください
　（1）医師の治療を受けている人。
　（2）妊婦または妊娠していると思われる人。
　（3）胃腸が弱く下痢しやすい人。
2．服用後、次の症状があらわれた場合は副作用の可能性がありますので、直ちに服用を中止し、この文書を持って医師、薬剤師または登録販売者に相談してください

［関係部位：症状］
皮膚：発疹・発赤、かゆみ
消化器：食欲不振、胃部不快感

3．服用後、次の症状があらわれることがありますので、このような症状の持続または増強が見られた場合には、服用を中止し、この文書を持って医師、薬剤師または登録販売者に相談してください
　下痢
4．1ヵ月位服用しても症状がよくならない場合は服用を中止し、この文書を持って医師、薬剤師または登録販売者に相談してください","（1）小児に服用させる場合には、保護者の指導監督のもとに服用させてください。
（2）1歳未満の乳児には、医師の診療を受けさせることを優先し、止むを得ない場合にのみ服用させてください。"
芍薬甘草湯エキス細粒G「コタロー」,https://www.kegg.jp/medicus-bin/japic_otc?japic_code=J0901000509,芍薬甘草湯,体力に関わらず使用でき、筋肉の急激なけいれんを伴う痛みのあるものの次の諸症：こむらがえり、筋肉のけいれん、腹痛、腰痛,芍薬甘草湯エキス細粒G「コタロー」は、筋肉や手足、消化管（平滑筋）などのけいれん、疼痛に用いられます。急激におこる筋肉のけいれんは各所に痛みをもたらします。こむらがえり、腰痛、腹痛などに効果があり、漢方の鎮痛剤といわれています。,芍薬甘草湯エキス(2g),カンゾウ(4g)、シャクヤク(4g),ステアリン酸マグネシウム、トウモロコシデンプン、乳糖水和物、プルラン、メタケイ酸アルミン酸マグネシウム,3包(4.8g),"食前または食間に服用してください。
食間とは……食後2～3時間を指します。

［年齢：1回量：1日服用回数］
大人（15歳以上）：1包：3回
15歳未満7歳以上：2／3包：3回
7歳未満4歳以上：1／2包：3回
4歳未満2歳以上：1／3包：3回
2歳未満：1／4包：3回","■してはいけないこと
（守らないと現在の症状が悪化したり、副作用が起こりやすくなります）
 

 1．次の人は服用しないでください
　（1）生後3ヵ月未満の乳児。
　（2）次の診断を受けた人。
　　心臓病
2．症状があるときのみの服用にとどめ、連用しないでください
 


 ■相談すること
 

 1．次の人は服用前に医師、薬剤師または登録販売者に相談してください
　（1）医師の治療を受けている人。
　（2）妊婦または妊娠していると思われる人。
　（3）高齢者。
　（4）次の症状のある人。
　　むくみ
　（5）次の診断を受けた人。
　　高血圧、腎臓病
2．服用後、次の症状があらわれた場合は副作用の可能性がありますので、直ちに服用を中止し、この文書を持って医師、薬剤師または登録販売者に相談してください
　まれに次の重篤な症状が起こることがあります。その場合は直ちに医師の診療を受けてください。

［症状の名称：症状］
間質性肺炎：階段を上ったり、少し無理をしたりすると息切れがする・息苦しくなる、空せき、発熱等がみられ、これらが急にあらわれたり、持続したりする。
偽アルドステロン症：手足のだるさ、しびれ、つっぱり感やこわばりに加えて、脱力感、筋肉痛があらわれ、徐々に強くなる。
ミオパチー：手足のだるさ、しびれ、つっぱり感やこわばりに加えて、脱力感、筋肉痛があらわれ、徐々に強くなる。
うっ血性心不全：全身のだるさ、動悸、息切れ、胸部の不快感、胸が痛む、めまい、失神等があらわれる。
心室頻拍：全身のだるさ、動悸、息切れ、胸部の不快感、胸が痛む、めまい、失神等があらわれる。
肝機能障害：発熱、かゆみ、発疹、黄疸（皮膚や白目が黄色くなる）、褐色尿、全身のだるさ、食欲不振等があらわれる。

3．5～6回服用しても症状がよくならない場合は服用を中止し、この文書を持って医師、薬剤師または登録販売者に相談してください","（1）小児に服用させる場合には、保護者の指導監督のもとに服用させてください。
（2）1歳未満の乳児には、医師の診療を受けさせることを優先し、止むを得ない場合にのみ服用させてください。"
十全大補湯エキス細粒G「コタロー」,https://www.kegg.jp/medicus-bin/japic_otc?japic_code=J1501000167,十全大補湯,体力虚弱なものの次の諸症：病後・術後の体力低下、貧血、疲労倦怠、食欲不振、ねあせ、手足の冷え,"本剤は、漢方の古典「和剤局方」（宋代）収載の処方にもとづいてつくられたエキスを、飲みやすく細粒剤としたものです。
　十全大補湯エキス細粒G「コタロー」は、病後で体力の弱っている方、胃腸が弱く、疲労・貧血気味の方に効果があります。
　また手足の冷えでお悩みの方にも用いられます。",十全大補湯エキス(6.8g),ジオウ(2.8g)、トウキ(2.8g)、ビャクジュツ(2.8g)、ブクリョウ(2.8g)、ケイヒ(2.4g)、シャクヤク(2.4g)、センキュウ(2.4g)、オウギ(2g)、ニンジン(2g)、カンゾウ(0.8g),ステアリン酸マグネシウム、トウモロコシデンプン、乳糖水和物、プルラン、メタケイ酸アルミン酸マグネシウム,3包(12g),"食前または食間に服用してください。
食間とは……食後2～3時間を指します。

［年齢：1回量：1日服用回数］
大人（15歳以上）：1包：3回
15歳未満7歳以上：2／3包：3回
7歳未満4歳以上：1／2包：3回
4歳未満2歳以上：1／3包：3回
2歳未満：1／4包：3回","■してはいけないこと
（守らないと現在の症状が悪化したり、副作用が起こりやすくなります）
 

 次の人は服用しないでください
　生後3ヵ月未満の乳児。
 


 ■相談すること
 

 1．次の人は服用前に医師、薬剤師または登録販売者に相談してください
　（1）医師の治療を受けている人。
　（2）妊婦または妊娠していると思われる人。
　（3）胃腸の弱い人。
　（4）今までに薬などにより発疹・発赤、かゆみ等を起こしたことがある人。
2．服用後、次の症状があらわれた場合は副作用の可能性がありますので、直ちに服用を中止し、この文書を持って医師、薬剤師または登録販売者に相談してください

［関係部位：症状］
皮膚：発疹・発赤、かゆみ
消化器：胃部不快感

　まれに次の重篤な症状が起こることがあります。その場合は直ちに医師の診療を受けてください。

［症状の名称：症状］
肝機能障害：発熱、かゆみ、発疹、黄疸（皮膚や白目が黄色くなる）、褐色尿、全身のだるさ、食欲不振等があらわれる。

3．服用後、次の症状があらわれることがありますので、このような症状の持続または増強が見られた場合には、服用を中止し、この文書を持って医師、薬剤師または登録販売者に相談してください
　下痢
4．1ヵ月位服用しても症状がよくならない場合は服用を中止し、この文書を持って医師、薬剤師または登録販売者に相談してください","（1）小児に服用させる場合には、保護者の指導監督のもとに服用させてください。
（2）1歳未満の乳児には、医師の診療を受けさせることを優先し、止むを得ない場合にのみ服用させてください。"
小青竜湯エキス細粒G「コタロー」,https://www.kegg.jp/medicus-bin/japic_otc?japic_code=J0701000733,小青竜湯,体力中等度又はやや虚弱で、うすい水様のたんを伴うせきや鼻水が出るものの次の諸症：アレルギー性鼻炎、花粉症、鼻炎、気管支炎、気管支ぜんそく、感冒、むくみ,"とめどない鼻水やくしゃみに悩まされる鼻炎、水っぽい痰を伴った咳やゼイゼイと喘鳴を伴う咳がでる気管支ぜんそくなどの症状や病気は、漢方では冷えによって体内の水分代謝がうまくいかないこと（水毒）からあらわれると考えられています。
　小青竜湯エキス細粒G「コタロー」は、からだを温め体内の水毒をとることによって鼻水、鼻炎、うすい水様の痰を伴う咳に効果があります。",小青竜湯エキス(4g),ハンゲ(4.8g)、カンキョウ(2.4g)、カンゾウ(2.4g)、ケイヒ(2.4g)、ゴミシ(2.4g)、サイシン(2.4g)、シャクヤク(2.4g)、マオウ(2.4g),ステアリン酸マグネシウム、トウモロコシデンプン、乳糖水和物、プルラン、メタケイ酸アルミン酸マグネシウム,3包(6g),"食前または食間に服用してください。
食間とは……食後2～3時間を指します。

［年齢：1回量：1日服用回数］
大人（15歳以上）：1包：3回
15歳未満7歳以上：2／3包：3回
7歳未満4歳以上：1／2包：3回
4歳未満2歳以上：1／3包：3回
2歳未満：1／4包：3回","■してはいけないこと
（守らないと現在の症状が悪化したり、副作用が起こりやすくなります）
 

 次の人は服用しないでください
　生後3ヵ月未満の乳児。
 


 ■相談すること
 

 1．次の人は服用前に医師、薬剤師または登録販売者に相談してください
　（1）医師の治療を受けている人。
　（2）妊婦または妊娠していると思われる人。
　（3）体の虚弱な人（体力の衰えている人、体の弱い人）。
　（4）胃腸の弱い人。
　（5）発汗傾向の著しい人。
　（6）高齢者。
　（7）今までに薬などにより発疹・発赤、かゆみ等を起こしたことがある人。
　（8）次の症状のある人。
　　むくみ、排尿困難
　（9）次の診断を受けた人。
　　高血圧、心臓病、腎臓病、甲状腺機能障害
2．服用後、次の症状があらわれた場合は副作用の可能性がありますので、直ちに服用を中止し、この文書を持って医師、薬剤師または登録販売者に相談してください

［関係部位：症状］
皮膚：発疹・発赤、かゆみ
消化器：吐き気、食欲不振、胃部不快感

　まれに次の重篤な症状が起こることがあります。その場合は直ちに医師の診療を受けてください。

［症状の名称：症状］
間質性肺炎：階段を上ったり、少し無理をしたりすると息切れがする・息苦しくなる、空せき、発熱等がみられ、これらが急にあらわれたり、持続したりする。
偽アルドステロン症：手足のだるさ、しびれ、つっぱり感やこわばりに加えて、脱力感、筋肉痛があらわれ、徐々に強くなる。
ミオパチー：手足のだるさ、しびれ、つっぱり感やこわばりに加えて、脱力感、筋肉痛があらわれ、徐々に強くなる。
肝機能障害：発熱、かゆみ、発疹、黄疸（皮膚や白目が黄色くなる）、褐色尿、全身のだるさ、食欲不振等があらわれる。

3．1ヵ月位（感冒に服用する場合には5～6日間）服用しても症状がよくならない場合は服用を中止し、この文書を持って医師、薬剤師または登録販売者に相談してください
4．長期連用する場合には、医師、薬剤師または登録販売者に相談してください","（1）小児に服用させる場合には、保護者の指導監督のもとに服用させてください。
（2）1歳未満の乳児には、医師の診療を受けさせることを優先し、止むを得ない場合にのみ服用させてください。"
消風散エキス細粒G「コタロー」,https://www.kegg.jp/medicus-bin/japic_otc?japic_code=J0701000734,消風散,慢性湿疹（分泌物の多いもの）,"消風散エキス細粒G「コタロー」は、体の内面から皮膚の病変を治していくお薬です。
　一般に局部に滲出物があって発赤したり、かさぶたをつくったりして、かゆみの強い湿疹に用いられます。
　近年は食生活や生活環境の変化に伴い、アトピー性皮膚炎のような体質的な湿疹が増えています。刺激性の飲食物を避けるなどの食生活に気をくばり、患部をいつも清潔にしておくことも大切です。",水製エキス(4.8g),ジオウ(2.4g)、セッコウ(2.4g)、トウキ(2.4g)、ゴボウシ(1.6g)、ソウジュツ(1.6g)、ハマボウフウ(1.6g)、モクツウ(1.6g)、ゴマ(1.2g)、チモ(1.2g)、カンゾウ(0.8g)、クジン(0.8g)、ケイガイ(0.8g)、センタイ(0.8g),ステアリン酸マグネシウム、トウモロコシデンプン、乳糖水和物、プルラン、メタケイ酸アルミン酸マグネシウム,3包(7.2g),"食前または食間に服用してください。
食間とは……食後2～3時間を指します。

［年齢：1回量：1日服用回数］
大人（15歳以上）：1包または2.4g：3回
15歳未満7歳以上：2／3包または1.6g：3回
7歳未満4歳以上：1／2包または1.2g：3回
4歳未満2歳以上：1／3包または0.8g：3回
2歳未満：1／4包または0.6g以下：3回

（大入り剤に添付のサジは、すり切り一杯で約0.6gです）","■してはいけないこと
（守らないと現在の症状が悪化したり、副作用が起こりやすくなります）
 

 次の人は服用しないでください
　生後3ヵ月未満の乳児。
 


 ■相談すること
 

 1．次の人は服用前に医師、薬剤師または登録販売者に相談してください
　（1）医師の治療を受けている人。
　（2）妊婦または妊娠していると思われる人。
　（3）体の虚弱な人（体力の衰えている人、体の弱い人）。
　（4）胃腸が弱く下痢しやすい人。
2．服用後、次の症状があらわれた場合は副作用の可能性がありますので、直ちに服用を中止し、この文書を持って医師、薬剤師または登録販売者に相談してください

［関係部位：症状］
消化器：食欲不振、胃部不快感、腹痛

3．服用後、次の症状があらわれることがありますので、このような症状の持続または増強が見られた場合には、服用を中止し、この文書を持って医師、薬剤師または登録販売者に相談してください
　下痢
4．1ヵ月位服用しても症状がよくならない場合は服用を中止し、この文書を持って医師、薬剤師または登録販売者に相談してください
5．本剤の服用により、まれに症状が進行することもありますので、このような場合には、服用を中止し、この文書を持って医師、薬剤師または登録販売者に相談してください","（1）小児に服用させる場合には、保護者の指導監督のもとに服用させてください。
（2）1歳未満の乳児には、医師の診療を受けさせることを優先し、止むを得ない場合にのみ服用させてください。"
生脈散エキス細粒G「コタロー」,https://www.kegg.jp/medicus-bin/japic_otc?japic_code=J1701000236,生薬主薬製剤,次の場合の滋養強壮：虚弱体質、肉体疲労、病中病後、胃腸虚弱、食欲不振、血色不良、冷え症、発育期,"生脈散という処方名は、体内エネルギーや体に必要な水分の消耗を防ぎ、弱くなった脈を回復するという働きを表しています。この処方は、大量の発汗後や肉体疲労時や消耗性疾患による全身の機能低下を改善します。滋養強壮作用があり、普段から顔色悪く、胃腸も丈夫でなく、冷え症の方に用いられるお薬です。
　生脈散エキス細粒G「コタロー」は、虚弱体質や肉体疲労、病中病後の体力の回復、胃腸虚弱、食欲不振、血色不良、冷え症、発育期などに、滋養強壮の効果があります。",バクモンドウエキス(0.9g)、ニンジンエキス(0.7g)、ゴミシエキス(0.4g),人参(3g)、麦門冬(2g)、五味子(1.1g),含水二酸化ケイ素、ステアリン酸マグネシウム、トウモロコシデンプン,2包(3g),"食前または食間に服用してください。
食間とは……食後2～3時間を指します。

［年齢：1回量：1日服用回数］
成人（15歳以上）：1包または1.5g：2回
15歳未満8歳以上：1／2包または0.75g：2回
8歳未満：服用しないでください

（大入り剤に添付のサジは、すり切り一杯で約0.6gです）","■相談すること
 

 1．次の人は服用前に医師、薬剤師または登録販売者に相談してください
　（1）医師の治療を受けている人。
　（2）妊婦または妊娠していると思われる人。
　（3）今までに薬などにより発疹・発赤、かゆみ等を起こしたことがある人。
2．服用後、次の症状があらわれた場合は副作用の可能性がありますので、直ちに服用を中止し、この文書を持って医師、薬剤師または登録販売者に相談してください

［関係部位：症状］
皮膚：発疹・発赤、かゆみ
消化器：食欲不振、胃部不快感、下痢

3．しばらく服用しても症状がよくならない場合は服用を中止し、この文書を持って医師、薬剤師または登録販売者に相談してください
4．長期連用する場合には、医師、薬剤師または登録販売者に相談してください","（1）定められた用法・用量を厳守してください。
（2）小児に服用させる場合には、保護者の指導監督のもとに服用させてください。
（3）本剤は、8歳未満の小児には服用させないでください。"
逍遙散エキス細粒G「コタロー」,https://www.kegg.jp/medicus-bin/japic_otc?japic_code=J1501000228,逍遙散,体力中等度以下で、肩がこり、疲れやすく精神不安などの精神神経症状、ときに便秘の傾向のあるものの次の諸症：冷え症、虚弱体質、不眠症、神経症、更年期障害、月経不順、月経困難、血の道症,"昨今の社会生活では、ゆとりを持つことが難しく、ストレスがたまり冷えや便通などを我慢しがちになります。これらの積み重ねにより生活のリズムが崩れることで、肩がこる、疲れやすい、ゆううつになる、落ち着きがなくなるなど、いわゆる不定愁訴に悩む方が増えています。
　逍遙散エキス細粒G「コタロー」は、生理不順、生理痛といった女性に特有の症状のほか、冷え症に効果があります。また、不眠症や神経症、更年期障害にも用いられます。",水製エキス(3g),サイコ(2.4g)、シャクヤク(2.4g)、トウキ(2.4g)、ビャクジュツ(2.4g)、ブクリョウ(2.4g)、カンゾウ(1.2g)、ハッカ(0.8g)、ショウキョウ(0.4g),含水二酸化ケイ素、ステアリン酸マグネシウム、アメ粉,3包(4.8g),"食前または食間に服用してください。
食間とは……食後2～3時間を指します。

［年齢：1回量：1日服用回数］
大人（15歳以上）：1包または1.6g：3回
15歳未満7歳以上：2／3包または1.1g：3回
7歳未満4歳以上：1／2包または0.8g：3回
4歳未満2歳以上：1／3包または0.5g：3回
2歳未満：1／4包または0.4g：3回

（大入り剤に添付のサジは、すり切り一杯で約0.6gです）","■してはいけないこと
（守らないと現在の症状が悪化したり、副作用が起こりやすくなります）
 

 次の人は服用しないでください
　生後3ヵ月未満の乳児。
 


 ■相談すること
 

 1．次の人は服用前に医師、薬剤師または登録販売者に相談してください
　（1）医師の治療を受けている人。
　（2）妊婦または妊娠していると思われる人。
　（3）胃腸の弱い人。
　（4）高齢者。
　（5）今までに薬などにより発疹・発赤、かゆみ等を起こしたことがある人。
　（6）次の症状のある人。
　　むくみ
　（7）次の診断を受けた人。
　　高血圧、心臓病、腎臓病
2．服用後、次の症状があらわれた場合は副作用の可能性がありますので、直ちに服用を中止し、この文書を持って医師、薬剤師または登録販売者に相談してください

［関係部位：症状］
皮膚：発疹・発赤、かゆみ
消化器：吐き気・嘔吐、食欲不振

　まれに次の重篤な症状が起こることがあります。その場合は直ちに医師の診療を受けてください。

［症状の名称：症状］
偽アルドステロン症：手足のだるさ、しびれ、つっぱり感やこわばりに加えて、脱力感、筋肉痛があらわれ、徐々に強くなる。
ミオパチー：手足のだるさ、しびれ、つっぱり感やこわばりに加えて、脱力感、筋肉痛があらわれ、徐々に強くなる。

3．1ヵ月位服用しても症状がよくならない場合は服用を中止し、この文書を持って医師、薬剤師または登録販売者に相談してください
4．長期連用する場合には、医師、薬剤師または登録販売者に相談してください","（1）小児に服用させる場合には、保護者の指導監督のもとに服用させてください。
（2）1歳未満の乳児には、医師の診療を受けさせることを優先し、止むを得ない場合にのみ服用させてください。"
ショーケン分包「小児用」,https://www.kegg.jp/medicus-bin/japic_otc?japic_code=J0601009709,小建中湯,体質虚弱で疲労しやすく、血色がすぐれず、腹痛、動悸、手足のほてり、冷え、頻尿及び多尿などのいずれかを伴う次の諸症：小児虚弱体質、小児夜尿症、慢性胃腸炎、夜なき、神経質、疲労倦怠,"昔に比べて現代は、屋外でのびのびと遊べる環境が少なくなり、体格は立派でも虚弱体質のこどもが多くなってきているようです。
　その結果、おなかが弱い、神経質になりがち、疲れやすいなどの症状が現れやすくなります。
　ショーケン分包「小児用」はこのようなお子さまに用いられる漢方エキス製剤です。また、お子さまの夜尿症にも用いられます。",水製エキス(1.25g),コウイ(5g)、シャクヤク(1.5g)、ケイヒ(1g)、タイソウ(1g)、カンゾウ(0.5g)、ショウキョウ(0.25g),ステアリン酸マグネシウム、トウモロコシデンプン、プルラン、メタケイ酸アルミン酸マグネシウム,3包(6.75g),"食前または食間に服用してください。
食間とは……食後2～3時間を指します。

［年齢：1回量：1日服用回数］
7歳未満4歳以上：1包：3回
4歳未満2歳以上：2／3包：3回
2歳未満：1／2包：3回","■してはいけないこと
（守らないと現在の症状が悪化したり、副作用が起こりやすくなります）
 

 次の人は服用しないでください
　生後3ヵ月未満の乳児。
 


 ■相談すること
 

 1．次の人は服用前に医師、薬剤師または登録販売者に相談してください
　（1）医師の治療を受けている人。
　（2）妊婦または妊娠していると思われる人。
　（3）吐き気・嘔吐のある人。
　（4）今までに薬などにより発疹・発赤、かゆみ等を起こしたことがある人。
2．服用後、次の症状があらわれた場合は副作用の可能性がありますので、直ちに服用を中止し、この文書を持って医師、薬剤師または登録販売者に相談してください

［関係部位：症状］
皮膚：発疹・発赤、かゆみ

3．1ヵ月位服用しても症状がよくならない場合は服用を中止し、この文書を持って医師、薬剤師または登録販売者に相談してください","（1）小児に服用させる場合には、保護者の指導監督のもとに服用させてください。
（2）1歳未満の乳児には、医師の診療を受けさせることを優先し、止むを得ない場合にのみ服用させてください。"
辛夷清肺湯エキス細粒G「コタロー」,https://www.kegg.jp/medicus-bin/japic_otc?japic_code=J1401000076,辛夷清肺湯,体力中等度以上で、濃い鼻汁が出て、ときに熱感を伴うものの次の諸症：鼻づまり、慢性鼻炎、蓄膿症（副鼻腔炎）,"本剤は、漢方の古典「外科正宗」（明代）収載の処方にもとづいてつくられたエキスを、飲みやすく細粒としたものです。
　最近は食生活や環境の変化などにより、鼻がつまって、スッキリしない方が増えています。
　辛夷清肺湯エキス細粒G「コタロー」は、濃厚な鼻汁が出たり、鼻がつまり、乾燥気味で熱感があるような蓄膿症などの鼻症状に用いられる漢方薬です。",水製エキス(6g),セッコウ(4g)、バクモンドウ(4g)、オウゴン(2.4g)、サンシシ(2.4g)、チモ(2.4g)、ビャクゴウ(2.4g)、シンイ(1.6g)、ビワヨウ(1.6g)、ショウマ(0.8g),ステアリン酸マグネシウム、トウモロコシデンプン、乳糖水和物、プルラン、メタケイ酸アルミン酸マグネシウム,3包(9.6g),"食前または食間に服用してください。
食間とは……食後2～3時間を指します。

［年齢：1回量：1日服用回数］
大人（15歳以上）：1包または3.2g：3回
15歳未満7歳以上：2／3包または2.1g：3回
7歳未満4歳以上：1／2包または1.6g：3回
4歳未満2歳以上：1／3包または1.1g：3回
2歳未満：1／4包または0.8g：3回

（大入り剤に添付のサジは、すり切り一杯で約0.6gです）","■してはいけないこと
（守らないと現在の症状が悪化したり、副作用が起こりやすくなります）
 

 次の人は服用しないでください
　生後3ヵ月未満の乳児。
 


 ■相談すること
 

 1．次の人は服用前に医師、薬剤師または登録販売者に相談してください
　（1）医師の治療を受けている人。
　（2）妊婦または妊娠していると思われる人。
　（3）体の虚弱な人（体力の衰えている人、体の弱い人）。
　（4）胃腸虚弱で冷え症の人。
2．服用後、次の症状があらわれた場合は副作用の可能性がありますので、直ちに服用を中止し、この文書を持って医師、薬剤師または登録販売者に相談してください

［関係部位：症状］
消化器：食欲不振、胃部不快感

　まれに次の重篤な症状が起こることがあります。その場合は直ちに医師の診療を受けてください。

［症状の名称：症状］
間質性肺炎：階段を上ったり、少し無理をしたりすると息切れがする・息苦しくなる、空せき、発熱等がみられ、これらが急にあらわれたり、持続したりする。
肝機能障害：発熱、かゆみ、発疹、黄疸（皮膚や白目が黄色くなる）、褐色尿、全身のだるさ、食欲不振等があらわれる。
腸間膜静脈硬化症：長期服用により、腹痛、下痢、便秘、腹部膨満等が繰り返しあらわれる。

3．1ヵ月位服用しても症状がよくならない場合は服用を中止し、この文書を持って医師、薬剤師または登録販売者に相談してください
4．長期連用する場合には、医師、薬剤師または登録販売者に相談してください","（1）小児に服用させる場合には、保護者の指導監督のもとに服用させてください。
（2）1歳未満の乳児には、医師の診療を受けさせることを優先し、止むを得ない場合にのみ服用させてください。"
辛夷清肺湯エキス錠A「コタロー」,https://www.kegg.jp/medicus-bin/japic_otc?japic_code=J2401000084,辛夷清肺湯,体力中等度以上で、濃い鼻汁が出て、ときに熱感を伴うものの次の諸症：鼻づまり、慢性鼻炎、蓄膿症（副鼻腔炎）,"本剤は、漢方の古典「外科正宗」（明代）収載の処方にもとづいてつくられたエキスを、飲みやすく錠剤としたものです。
　最近は食生活や環境の変化などにより、鼻がつまって、スッキリしない方が増えています。
　辛夷清肺湯エキス錠A「コタロー」は、濃厚な鼻汁が出たり、鼻がつまり、乾燥気味で熱感があるような蓄膿症などの鼻症状に用いられる漢方薬です。",水製エキス(2.7g),セッコウ(2.5g)、バクモンドウ(2.5g)、オウゴン(1.5g)、サンシシ(1.5g)、チモ(1.5g)、ビャクゴウ(1.5g)、シンイ(1g)、ビワヨウ(1g)、ショウマ(0.5g),酸化チタン、ステアリン酸マグネシウム、タルク、低置換度ヒドロキシプロピルセルロース、トウモロコシデンプン、ヒプロメロース(ヒドロキシプロピルメチルセルロース)、アメ粉、メタケイ酸アルミン酸マグネシウム、カルナウバロウ,8錠,"1日2回朝夕、食前または食間に服用してください。
食間とは……食後2～3時間を指します。

［年齢：1回量：1日服用回数］
大人（15歳以上）：4錠：2回
15歳未満7歳以上：3錠：2回
7歳未満5歳以上：2錠：2回
5歳未満：服用しないでください","■相談すること
 

 1．次の人は服用前に医師、薬剤師または登録販売者に相談してください
　（1）医師の治療を受けている人。
　（2）妊婦または妊娠していると思われる人。
　（3）体の虚弱な人（体力の衰えている人、体の弱い人）。
　（4）胃腸虚弱で冷え症の人。
2．服用後、次の症状があらわれた場合は副作用の可能性がありますので、直ちに服用を中止し、この文書を持って医師、薬剤師または登録販売者に相談してください

［関係部位：症状］
消化器：食欲不振、胃部不快感

　まれに次の重篤な症状が起こることがあります。その場合は直ちに医師の診療を受けてください。

［症状の名称：症状］
間質性肺炎：階段を上ったり、少し無理をしたりすると息切れがする・息苦しくなる、空せき、発熱等がみられ、これらが急にあらわれたり、持続したりする。
肝機能障害：発熱、かゆみ、発疹、黄疸（皮膚や白目が黄色くなる）、褐色尿、全身のだるさ、食欲不振等があらわれる。
腸間膜静脈硬化症：長期服用により、腹痛、下痢、便秘、腹部膨満等が繰り返しあらわれる。

3．1ヵ月位服用しても症状がよくならない場合は服用を中止し、この文書を持って医師、薬剤師または登録販売者に相談してください
4．長期連用する場合には、医師、薬剤師または登録販売者に相談してください","（1）定められた用法・用量を厳守してください。
（2）小児に服用させる場合には、保護者の指導監督のもとに服用させてください。"
神仙太乙膏「コタロー」,https://www.kegg.jp/medicus-bin/japic_otc?japic_code=J1401000077,神仙太乙膏,かゆみ、軽いとこずれ、切傷、虫刺され、火傷,"広く応用できるところから「神仙」の名がついたといわれる神仙太乙膏は、漢方の外用軟膏の中でも、広い範囲の適応をもつ皮膚外用軟膏です。皮膚のカユミや炎症を鎮め、乾燥した皮膚を潤したり、傷ついた皮膚の再生に効果があり、皮膚炎によるカユミから寝たきりの方にできやすい床ずれまで、いろいろなケースにご使用いただけます。また、日常の皮膚のトラブルである、切り傷、虫刺され、やけどにもご使用いただけます。
　一家にひとつ皮膚への漢方常備薬としていただけるのが神仙太乙膏「コタロー」です。",,ゴマ油(74.51g)、ミツロウ(29.8g)、ケイヒ(2.38g)、ゲンジン(2.38g)、ジオウ(2.38g)、シャクヤク(2.38g)、ダイオウ(2.38g)、トウキ(2.38g)、ビャクシ(2.38g),,100g(本品1gは原生薬約1.21gに相当),患部を清潔にしたのち、適量を患部に塗布するか、ガーゼ等に塗布し、患部に貼付してください。,"■相談すること
 

 1．次の人は使用前に医師、薬剤師または登録販売者に相談してください
　（1）医師の治療を受けている人。
　（2）薬などによりアレルギー症状を起こしたことがある人。
　（3）湿潤・ただれのひどい人。
　（4）傷口が化膿している人。
　（5）患部が広範囲の人。
2．使用後、次の症状があらわれた場合は副作用の可能性がありますので、直ちに使用を中止し、この文書を持って医師、薬剤師または登録販売者に相談してください

［関係部位：症状］
皮膚：発疹・発赤、かゆみ

3．5～6日間使用しても症状がよくならない場合は使用を中止し、この文書を持って医師、薬剤師または登録販売者に相談してください","（1）小児に使用させる場合には、保護者の指導監督のもとに使用させてください。
（2）外用にのみ使用してください。
（3）目に入らないよう注意してください。"
参蘇飲エキス細粒G「コタロー」,https://www.kegg.jp/medicus-bin/japic_otc?japic_code=J1101000016,参蘇飲,体力虚弱で、胃腸が弱いものの次の諸症：感冒、せき,"西洋薬のかぜ薬（あるいは解熱薬）を飲むと、決まって食欲がなくなったり、お腹が痛くなるような方がいらっしゃいます。したがって、胃が荒れやすい方は、胃薬を併用することになります。そんな方にぜひお勧めしたいのが、漢方のかぜ薬・参蘇飲エキス細粒G「コタロー」です。
　本剤は、普段からあまり体が丈夫でなく、胃腸の弱い方などがかぜをひいた場合に用いられる漢方薬です。また、せきや痰がいつまでもとれないような場合にも用いられます。",水製エキス(4.32g),ハンゲ(2.4g)、ブクリョウ(2.4g)、カッコン(1.6g)、キキョウ(1.6g)、ゼンコ(1.6g)、チンピ(1.6g)、キジツ(1.2g)、ソヨウ(1.2g)、タイソウ(1.2g)、ニンジン(1.2g)、モッコウ(1.2g)、カンゾウ(0.8g)、ショウキョウ(0.8g),含水二酸化ケイ素、ステアリン酸マグネシウム、アメ粉,3包(6g),"食前または食間に服用してください。
食間とは……食後2～3時間を指します。

［年齢：1回量：1日服用回数］
大人（15歳以上）：1包または2.0g：3回
15歳未満7歳以上：2／3包または1.3g：3回
7歳未満4歳以上：1／2包または1.0g：3回
4歳未満2歳以上：1／3包または0.7g：3回
2歳未満：1／4包または0.5g：3回

（大入り剤に添付のサジは、すり切り一杯で約0.6gです）","■してはいけないこと
（守らないと現在の症状が悪化したり、副作用が起こりやすくなります）
 

 次の人は服用しないでください
　生後3ヵ月未満の乳児。
 


 ■相談すること
 

 1．次の人は服用前に医師、薬剤師または登録販売者に相談してください
　（1）医師の治療を受けている人。
　（2）妊婦または妊娠していると思われる人。
　（3）今までに薬などにより発疹・発赤、かゆみ等を起こしたことがある人。
2．服用後、次の症状があらわれた場合は副作用の可能性がありますので、直ちに服用を中止し、この文書を持って医師、薬剤師または登録販売者に相談してください

［関係部位：症状］
皮膚：発疹・発赤、かゆみ

3．1週間位服用しても症状がよくならない場合は服用を中止し、この文書を持って医師、薬剤師または登録販売者に相談してください","（1）小児に服用させる場合には、保護者の指導監督のもとに服用させてください。
（2）1歳未満の乳児には、医師の診療を受けさせることを優先し、止むを得ない場合にのみ服用させてください。"
参苓白朮散料エキス細粒G「コタロー」,https://www.kegg.jp/medicus-bin/japic_otc?japic_code=J0701000735,参苓白朮散,やせて顔色が悪く、食欲がなく下痢が続く傾向があるものの次の諸症：食欲不振、慢性下痢、病後の体力低下、疲労倦怠,"体が疲れやすくて、食欲がない。食後胃のあたりがはってきたり、食べ過ぎたり油ものを食べると下痢をする。もう少し太りたいのに、太れない。このような症状は、胃腸虚弱で、消化や吸収がうまく行われていないために起こります。下痢をしたり、栄養を吸収できないと、せっかく食べた美味しいものも身に付かず、太れなかったり、体が疲れやすくなったりします。
　参苓白朮散料エキス細粒G「コタロー」は、疲れやすく、やせて顔色も悪い方の胃腸の働きを調節して、下痢や食欲不振を改善する薬です。",水製エキス(3.9g),ヨクイニン(4g)、ビャクジュツ(3.2g)、ブクリョウ(3.2g)、サンヤク(2.4g)、ニンジン(2.4g)、キキョウ(1.6g)、シュクシャ(1.6g)、ヘンズ(1.6g)、レンニク(1.6g)、カンゾウ(1.2g),含水二酸化ケイ素、ステアリン酸マグネシウム、トウモロコシデンプン,3包(6g),"食前または食間に服用してください。
食間とは……食後2～3時間を指します。

［年齢：1回量：1日服用回数］
大人（15歳以上）：1包または2.0g：3回
15歳未満7歳以上：2／3包または1.3g：3回
7歳未満4歳以上：1／2包または1.0g：3回
4歳未満2歳以上：1／3包または0.7g：3回
2歳未満：1／4包または0.5g：3回

（大入り剤に添付のサジは、すり切り一杯で約0.6gです）","■してはいけないこと
（守らないと現在の症状が悪化したり、副作用が起こりやすくなります）
 

 次の人は服用しないでください
　生後3ヵ月未満の乳児。
 


 ■相談すること
 

 1．次の人は服用前に医師、薬剤師または登録販売者に相談してください
　（1）医師の治療を受けている人。
　（2）妊婦または妊娠していると思われる人。
　（3）高齢者。
　（4）次の症状のある人。
　　むくみ
　（5）次の診断を受けた人。
　　高血圧、心臓病、腎臓病
2．服用後、次の症状があらわれた場合は副作用の可能性がありますので、直ちに服用を中止し、この文書を持って医師、薬剤師または登録販売者に相談してください
　まれに次の重篤な症状が起こることがあります。その場合は直ちに医師の診療を受けてください。

［症状の名称：症状］
偽アルドステロン症：手足のだるさ、しびれ、つっぱり感やこわばりに加えて、脱力感、筋肉痛があらわれ、徐々に強くなる。
ミオパチー：手足のだるさ、しびれ、つっぱり感やこわばりに加えて、脱力感、筋肉痛があらわれ、徐々に強くなる。

3．1ヵ月位服用しても症状がよくならない場合は服用を中止し、この文書を持って医師、薬剤師または登録販売者に相談してください
4．長期連用する場合には、医師、薬剤師または登録販売者に相談してください","（1）小児に服用させる場合には、保護者の指導監督のもとに服用させてください。
（2）1歳未満の乳児には、医師の診療を受けさせることを優先し、止むを得ない場合にのみ服用させてください。"
清湿化痰湯エキス細粒G「コタロー」,https://www.kegg.jp/medicus-bin/japic_otc?japic_code=J2501000007,清湿化痰湯,体力中等度以下で、背中に冷感があり痛みがあるものの次の諸症：神経痛、関節痛、筋肉痛,"本剤は、体の余分な水分である湿痰いわゆる水毒が原因で、体のあちこちが痛むものに用いられてきた漢方薬のひとつです。背中の冷え、胸や背部の痛み、せきをすると脇の下が引きつり、痛みを訴える時に用いるとよいといわれています。また、手足や肩、腰の痛みなどにも用いられます。
　清湿化痰湯エキス細粒G「コタロー」は、体の余分な水分を取り除くことにより、神経痛、関節痛、筋肉痛を改善する漢方薬です。",水製エキス(6g),ソウジュツ(3.2g)、ハンゲ(3.2g)、ブクリョウ(3.2g)、オウゴン(2.4g)、チンピ(2.4g)、テンナンショウ(2.4g)、キョウカツ(1.2g)、ハクガイシ(1.2g)、ビャクシ(1.2g)、カンゾウ(0.8g)、ショウキョウ(0.8g),含水二酸化ケイ素、ステアリン酸マグネシウム,3包(7.2g),"食前または食間に服用してください。
食間とは……食後2～3時間を指します。

［年齢：1回量：1日服用回数］
大人（15歳以上）：1包または2.4g：3回
15歳未満7歳以上：2／3包または1.6g：3回
7歳未満4歳以上：1／2包または1.2g：3回
4歳未満2歳以上：1／3包または0.8g：3回
2歳未満：1／4包または0.6g：3回

（大入り剤に添付のサジは、すり切り一杯で約0.6gです）","■してはいけないこと
（守らないと現在の症状が悪化したり、副作用が起こりやすくなります）
 

 次の人は服用しないでください
　生後3ヵ月未満の乳児。
 


 ■相談すること
 

 1．次の人は服用前に医師、薬剤師または登録販売者に相談してください
　（1）医師の治療を受けている人。
　（2）妊婦または妊娠していると思われる人。
　（3）今までに薬などにより発疹・発赤、かゆみ等を起こしたことがある人。
2．1ヵ月位服用しても症状がよくならない場合は服用を中止し、この文書を持って医師、薬剤師または登録販売者に相談してください","（1）小児に服用させる場合には、保護者の指導監督のもとに服用させてください。
（2）1歳未満の乳児には、医師の診療を受けさせることを優先し、止むを得ない場合にのみ服用させてください。"
清上蠲痛湯エキス細粒G「コタロー」,https://www.kegg.jp/medicus-bin/japic_otc?japic_code=J1301000303,清上蠲痛湯,体力に関わらず使用でき、慢性化した痛みのあるものの次の諸症：頭痛、顔面痛,"日常生活の中で困るのが頭痛です。慢性化すると表情まで暗くなり、厄介なものです。その原因はいろいろあり、なかなか特定できません。また、最近多くなっているのが顔面痛です。原因不明の三叉神経痛が多いのですが、虫歯や副鼻腔炎から誘発される顔面の痛み、帯状疱疹後神経痛のように三叉神経に沿って痛みが出るもの、外傷後の顔面痛がありますが、特に突発的に起こる顔面痛はQOL（生活の質）を著しく低下させます。
　そのような時に応用されるのが、清上けん痛湯エキス細粒G「コタロー」です。漢方では、頭痛（頭部の痛み）薬に位置付けられており、痛みをとる作用が強く、痛みで高ぶった気分を鎮めてくれます。",水製エキス(5.4g),オウゴン(2.4g)、キョウカツ(2g)、センキュウ(2g)、ソウジュツ(2g)、トウキ(2g)、ドクカツ(2g)、バクモンドウ(2g)、ビャクシ(2g)、ボウフウ(2g)、キクカ(1.2g)、マンケイシ(1.2g)、カンゾウ(0.8g)、サイシン(0.8g)、ショウキョウ(0.8g),含水二酸化ケイ素、ステアリン酸マグネシウム,3包(6.6g),"食前または食間に服用してください。
食間とは……食後2～3時間を指します。

［年齢：1回量：1日服用回数］
大人（15歳以上）：1包または2.2g：3回
15歳未満7歳以上：2／3包または1.5g：3回
7歳未満4歳以上：1／2包または1.1g：3回
4歳未満2歳以上：1／3包または0.7g：3回
2歳未満：1／4包または0.6g：3回

（大入り剤に添付のサジは、すり切り一杯で約0.6gです）","■してはいけないこと
（守らないと現在の症状が悪化したり、副作用が起こりやすくなります）
 

 次の人は服用しないでください
　生後3ヵ月未満の乳児。
 


 ■相談すること
 

 1．次の人は服用前に医師、薬剤師または登録販売者に相談してください
　（1）医師の治療を受けている人。
　（2）妊婦または妊娠していると思われる人。
　（3）胃腸の弱い人。
　（4）今までに薬などにより発疹・発赤、かゆみ等を起こしたことがある人。
2．服用後、次の症状があらわれた場合は副作用の可能性がありますので、直ちに服用を中止し、この文書を持って医師、薬剤師または登録販売者に相談してください

［関係部位：症状］
皮膚：発疹・発赤、かゆみ

3．1ヵ月位服用しても症状がよくならない場合は服用を中止し、この文書を持って医師、薬剤師または登録販売者に相談してください","（1）小児に服用させる場合には、保護者の指導監督のもとに服用させてください。
（2）1歳未満の乳児には、医師の診療を受けさせることを優先し、止むを得ない場合にのみ服用させてください。"
清上防風湯エキス細粒G「コタロー」,https://www.kegg.jp/medicus-bin/japic_otc?japic_code=J0901000560,清上防風湯,にきび,"青春のシンボルともいわれるニキビも、一面では気に病む原因となり、またひどくなると病的になったり、あばたができたりします。
　ニキビができるのは、皮脂の分泌が亢進してうまく排泄されず、毛穴が角化することによって、分泌された皮脂が毛穴にたまることが原因の一つといわれています。
　清上防風湯エキス細粒G「コタロー」は、腫れをやわらげたり、膿の排出を促します。
　また熱をさます作用もありますので、赤く大きい、充血性・化膿性ニキビ、思春期などの若い人で顔色にも赤みのある健康な人のニキビに効果がある漢方のニキビ薬です。",エキス散(3g),オウゴン(1.25g)、キキョウ(1.25g)、センキュウ(1.25g)、ビャクシ(1.25g)、ボウフウ(1.25g)、レンギョウ(1.25g)、オウレン(0.75g)、ケイガイ(0.75g)、サンシシ(0.75g)、カンゾウ(0.5g)、キジツ(0.5g)、ハッカ(0.5g),含水二酸化ケイ素、軽質無水ケイ酸、ステアリン酸マグネシウム、トウモロコシデンプン、乳糖水和物,3包(4.5g),"食前または食間に服用してください。
食間とは……食後2～3時間を指します。

［年齢：1回量：1日服用回数］
大人（15歳以上）：1包または1.5g：3回
15歳未満7歳以上：2／3包または1.0g：3回
7歳未満：服用しないでください

（大入り剤に添付のサジは、すり切り一杯で約0.6gです）","■相談すること
 

 1．次の人は服用前に医師、薬剤師または登録販売者に相談してください
　（1）医師の治療を受けている人。
　（2）妊婦または妊娠していると思われる人。
　（3）胃腸の弱い人。
2．服用後、次の症状があらわれた場合は副作用の可能性がありますので、直ちに服用を中止し、この文書を持って医師、薬剤師または登録販売者に相談してください

［関係部位：症状］
消化器：食欲不振、胃部不快感

　まれに次の重篤な症状が起こることがあります。その場合は直ちに医師の診療を受けてください。

［症状の名称：症状］
肝機能障害：発熱、かゆみ、発疹、黄疸（皮膚や白目が黄色くなる）、褐色尿、全身のだるさ、食欲不振等があらわれる。
腸間膜静脈硬化症：長期服用により、腹痛、下痢、便秘、腹部膨満等が繰り返しあらわれる。

3．1ヵ月位服用しても症状がよくならない場合は服用を中止し、この文書を持って医師、薬剤師または登録販売者に相談してください
4．長期連用する場合には、医師、薬剤師または登録販売者に相談してください
5．本剤の服用により、まれに症状が進行することもありますので、このような場合には、服用を中止し、この文書を持って医師、薬剤師または登録販売者に相談してください",小児に服用させる場合には、保護者の指導監督のもとに服用させてください。
清暑益気湯エキス細粒G「コタロー」,https://www.kegg.jp/medicus-bin/japic_otc?japic_code=J1601000077,清暑益気湯,体力虚弱で、疲れやすく、食欲不振、ときに口渇などがあるものの次の諸症：暑気あたり、暑さによる食欲不振・下痢、夏痩せ、全身倦怠、慢性疾患による体力低下・食欲不振,"胃腸が弱く体力のない方は、食事の後に体がだるくなって、眠気を訴えることがあります。また、このような方は、夏になると食欲が低下して、手足がだるく、足の裏がほてり、時に大便がゆるくなったり、下痢をしたりします。
　清暑益気湯エキス細粒G「コタロー」は、名前のとおり、暑気を清め、気を増す働きがある漢方薬です。暑気あたり、暑さによる食欲不振・下痢、夏痩せ、全身倦怠に効果があります。また、慢性疾患による体力低下・食欲不振にも用いられます。",水製エキス(5g),ニンジン(2.8g)、バクモンドウ(2.8g)、ビャクジュツ(2.8g)、オウギ(2.4g)、トウキ(2.4g)、オウバク(1.6g)、カンゾウ(1.6g)、ゴミシ(1.6g)、チンピ(1.6g),含水二酸化ケイ素、ステアリン酸マグネシウム、アメ粉,3包(7.5g),"食前または食間に服用してください。
食間とは……食後2～3時間を指します。

［年齢：1回量：1日服用回数］
大人（15歳以上）：1包または2.5g：3回
15歳未満7歳以上：2／3包または1.7g：3回
7歳未満4歳以上：1／2包または1.3g：3回
4歳未満2歳以上：1／3包または0.8g：3回
2歳未満：1／4包または0.6g：3回

（大入り剤に添付のサジは、すり切り一杯で約0.6gです）","■してはいけないこと
（守らないと現在の症状が悪化したり、副作用が起こりやすくなります）
 

 次の人は服用しないでください
　生後3ヵ月未満の乳児。
 


 ■相談すること
 

 1．次の人は服用前に医師、薬剤師または登録販売者に相談してください
　（1）医師の治療を受けている人。
　（2）妊婦または妊娠していると思われる人。
　（3）高齢者。
　（4）今までに薬などにより発疹・発赤、かゆみ等を起こしたことがある人。
　（5）次の症状のある人。
　　むくみ
　（6）次の診断を受けた人。
　　高血圧、心臓病、腎臓病
2．服用後、次の症状があらわれた場合は副作用の可能性がありますので、直ちに服用を中止し、この文書を持って医師、薬剤師または登録販売者に相談してください

［関係部位：症状］
皮膚：発疹・発赤、かゆみ

　まれに次の重篤な症状が起こることがあります。その場合は直ちに医師の診療を受けてください。

［症状の名称：症状］
偽アルドステロン症：手足のだるさ、しびれ、つっぱり感やこわばりに加えて、脱力感、筋肉痛があらわれ、徐々に強くなる。
ミオパチー：手足のだるさ、しびれ、つっぱり感やこわばりに加えて、脱力感、筋肉痛があらわれ、徐々に強くなる。

3．1ヵ月位（暑気あたり、暑さによる下痢に服用する場合には5～6回）服用しても症状がよくならない場合は服用を中止し、この文書を持って医師、薬剤師または登録販売者に相談してください
4．長期連用する場合には、医師、薬剤師または登録販売者に相談してください","（1）小児に服用させる場合には、保護者の指導監督のもとに服用させてください。
（2）1歳未満の乳児には、医師の診療を受けさせることを優先し、止むを得ない場合にのみ服用させてください。"
清心蓮子飲エキス細粒G「コタロー」,https://www.kegg.jp/medicus-bin/japic_otc?japic_code=J1401000030,清心蓮子飲,体力中等度以下で、胃腸が弱く、全身倦怠感があり、口や舌がかわき、尿が出しぶるものの次の諸症：頻尿、残尿感、排尿痛、尿のにごり、排尿困難、こしけ（おりもの）,"トイレの回数が増えたり、残った感じがする、あるいは排尿時に痛みがあったりするのは、年齢のせいばかりではありません。
　健康な人でも緊張のあまり尿意を催したり、過度に尿意を気にするあまり、尿がほとんど溜まっていないのにトイレに通うこともあります。試験や大勢の人前での発表などの精神的ストレスや緊張によりトイレに行きたくなった、我慢したという経験をお持ちの方のメンタル面における尿のトラブルに用いられるのが清心蓮子飲エキス細粒G「コタロー」です。心身の過労や飲み過ぎ食べ過ぎにも気を付けて、爽やかな排尿につなげてください。",水製エキス(4.16g),バクモンドウ(3.2g)、ブクリョウ(3.2g)、レンニク(3.2g)、オウゴン(2.4g)、シャゼンシ(2.4g)、ニンジン(2.4g)、オウギ(1.6g)、ジコッピ(1.6g)、カンゾウ(1.2g),含水二酸化ケイ素、ステアリン酸マグネシウム,3包(4.8g),"食前または食間に服用してください。
食間とは……食後2～3時間を指します。

［年齢：1回量：1日服用回数］
大人（15歳以上）：1包または1.6g：3回
15歳未満7歳以上：2／3包または1.1g：3回
7歳未満4歳以上：1／2包または0.8g：3回
4歳未満2歳以上：1／3包または0.5g：3回
2歳未満：1／4包または0.4g：3回

（大入り剤に添付のサジは、すり切り一杯で約0.6gです）","■してはいけないこと
（守らないと現在の症状が悪化したり、副作用が起こりやすくなります）
 

 次の人は服用しないでください
　生後3ヵ月未満の乳児。
 


 ■相談すること
 

 1．次の人は服用前に医師、薬剤師または登録販売者に相談してください
　（1）医師の治療を受けている人。
　（2）妊婦または妊娠していると思われる人。
　（3）高齢者。
　（4）次の症状のある人。
　　むくみ
　（5）次の診断を受けた人。
　　高血圧、心臓病、腎臓病
2．服用後、次の症状があらわれた場合は副作用の可能性がありますので、直ちに服用を中止し、この文書を持って医師、薬剤師または登録販売者に相談してください
　まれに次の重篤な症状が起こることがあります。その場合は直ちに医師の診療を受けてください。

［症状の名称：症状］
間質性肺炎：階段を上ったり、少し無理をしたりすると息切れがする・息苦しくなる、空せき、発熱等がみられ、これらが急にあらわれたり、持続したりする。
偽アルドステロン症：手足のだるさ、しびれ、つっぱり感やこわばりに加えて、脱力感、筋肉痛があらわれ、徐々に強くなる。
ミオパチー：手足のだるさ、しびれ、つっぱり感やこわばりに加えて、脱力感、筋肉痛があらわれ、徐々に強くなる。
肝機能障害：発熱、かゆみ、発疹、黄疸（皮膚や白目が黄色くなる）、褐色尿、全身のだるさ、食欲不振等があらわれる。

3．1ヵ月位服用しても症状がよくならない場合は服用を中止し、この文書を持って医師、薬剤師または登録販売者に相談してください
4．長期連用する場合には、医師、薬剤師または登録販売者に相談してください","（1）小児に服用させる場合には、保護者の指導監督のもとに服用させてください。
（2）1歳未満の乳児には、医師の診療を受けさせることを優先し、止むを得ない場合にのみ服用させてください。"
洗肝明目湯エキス細粒G「コタロー」,https://www.kegg.jp/medicus-bin/japic_otc?japic_code=J1301000316,洗肝明目湯,体力中等度のものの次の諸症：目の充血、目の痛み、目の乾燥,"現代の日本は、異物や感染によるトラブルではなく、食事やストレスなど内的な要因によるものや目の酷使による眼病が増えています。特に、パソコンなどOA機器の普及で、ドライアイ（目の乾燥）の方が増えているのが現状です。
　そのような目の乾燥や充血などのトラブル時に使っていただけるのが、洗肝明目湯エキス細粒G「コタロー」です。目が乾燥すると、潤いがなくなり、炎症が生じやすく、目の痛みや充血のもとにもなります。ドライアイでお困りの方に適した漢方薬です。",水製エキス(4g),セッコウ(2.4g)、オウゴン(1.2g)、ケツメイシ(1.2g)、サンシシ(1.2g)、ジオウ(1.2g)、シャクヤク(1.2g)、センキュウ(1.2g)、トウキ(1.2g)、ボウフウ(1.2g)、レンギョウ(1.2g)、オウレン(0.8g)、カンゾウ(0.8g)、キキョウ(0.8g)、キクカ(0.8g)、キョウカツ(0.8g)、ケイガイ(0.8g)、シツリシ(0.8g)、ハッカ(0.8g)、マンケイシ(0.8g),含水二酸化ケイ素、ステアリン酸マグネシウム、アメ粉,3包(6g),"食前または食間に服用してください。
食間とは……食後2～3時間を指します。

［年齢：1回量：1日服用回数］
大人（15歳以上）：1包または2.0g：3回
15歳未満7歳以上：2／3包または1.3g：3回
7歳未満4歳以上：1／2包または1.0g：3回
4歳未満2歳以上：1／3包または0.7g：3回
2歳未満：1／4包または0.5g：3回

（大入り剤に添付のサジは、すり切り一杯で約0.6gです）","■してはいけないこと
（守らないと現在の症状が悪化したり、副作用が起こりやすくなります）
 

 次の人は服用しないでください
　生後3ヵ月未満の乳児。
 


 ■相談すること
 

 1．次の人は服用前に医師、薬剤師または登録販売者に相談してください
　（1）医師の治療を受けている人。
　（2）妊婦または妊娠していると思われる人。
　（3）体の虚弱な人（体力の衰えている人、体の弱い人）。
　（4）胃腸の弱い人。
　（5）今までに薬などにより発疹・発赤、かゆみ等を起こしたことがある人。
2．服用後、次の症状があらわれた場合は副作用の可能性がありますので、直ちに服用を中止し、この文書を持って医師、薬剤師または登録販売者に相談してください

［関係部位：症状］
皮膚：発疹・発赤、かゆみ
消化器：吐き気・嘔吐、食欲不振、胃部不快感、腹痛

　まれに次の重篤な症状が起こることがあります。その場合は直ちに医師の診療を受けてください。

［症状の名称：症状］
腸間膜静脈硬化症：長期服用により、腹痛、下痢、便秘、腹部膨満等が繰り返しあらわれる。

3．服用後、次の症状があらわれることがありますので、このような症状の持続または増強が見られた場合には、服用を中止し、この文書を持って医師、薬剤師または登録販売者に相談してください
　下痢
4．1ヵ月位服用しても症状がよくならない場合は服用を中止し、この文書を持って医師、薬剤師または登録販売者に相談してください
5．長期連用する場合には、医師、薬剤師または登録販売者に相談してください","（1）小児に服用させる場合には、保護者の指導監督のもとに服用させてください。
（2）1歳未満の乳児には、医師の診療を受けさせることを優先し、止むを得ない場合にのみ服用させてください。"
千金内托散エキス細粒G「コタロー」,https://www.kegg.jp/medicus-bin/japic_otc?japic_code=J1301000247,千金内托散,体力虚弱で、患部が化膿するものの次の諸症：化膿性皮膚疾患の初期、痔、軽いとこずれ,"体力が低下していたり、疲れている方では、皮膚炎などの炎症が起こると、化膿してなかなか治らなくて、悪化しやすいものです。特に、肛門粘膜、おしりなどの皮膚の弱い部分によく見られます。そんな時に用いる漢方薬です。
　千金内托散エキス細粒G「コタロー」は、体力を高めて体の中から毒（膿）を排出し、炎症の改善に役立ちます。",水製エキス(3.6g),トウキ(2.4g)、ニンジン(2g)、オウギ(1.6g)、キキョウ(1.6g)、キンギンカ(1.6g)、ケイヒ(1.6g)、コウボク(1.6g)、センキュウ(1.6g)、ボウフウ(1.6g)、カンゾウ(0.8g)、ビャクシ(0.8g),含水二酸化ケイ素、ステアリン酸マグネシウム,3包(4.5g),"食前または食間に服用してください。
食間とは……食後2～3時間を指します。

［年齢：1回量：1日服用回数］
大人（15歳以上）：1包または1.5g：3回
15歳未満7歳以上：2／3包または1.0g：3回
7歳未満4歳以上：1／2包または0.75g：3回
4歳未満2歳以上：1／3包または0.5g：3回
2歳未満：1／4包または0.37g：3回

（大入り剤に添付のサジは、すり切り一杯で約0.6gです）","■してはいけないこと
（守らないと現在の症状が悪化したり、副作用が起こりやすくなります）
 

 次の人は服用しないでください
　生後3ヵ月未満の乳児。
 


 ■相談すること
 

 1．次の人は服用前に医師、薬剤師または登録販売者に相談してください
　（1）医師の治療を受けている人。
　（2）妊婦または妊娠していると思われる人。
　（3）胃腸の弱い人。
　（4）今までに薬などにより発疹・発赤、かゆみ等を起こしたことがある人。
2．服用後、次の症状があらわれた場合は副作用の可能性がありますので、直ちに服用を中止し、この文書を持って医師、薬剤師または登録販売者に相談してください

［関係部位：症状］
皮膚：発疹・発赤、かゆみ
消化器：吐き気、食欲不振、胃部不快感、腹痛

3．服用後、次の症状があらわれることがありますので、このような症状の持続または増強が見られた場合には、服用を中止し、この文書を持って医師、薬剤師または登録販売者に相談してください
　下痢
4．1ヵ月位（化膿性皮膚疾患の初期に服用する場合には5～6日間）服用しても症状がよくならない場合は服用を中止し、この文書を持って医師、薬剤師または登録販売者に相談してください
5．本剤の服用により、まれに症状が進行することもありますので、このような場合には、服用を中止し、この文書を持って医師、薬剤師または登録販売者に相談してください","（1）小児に服用させる場合には、保護者の指導監督のもとに服用させてください。
（2）1歳未満の乳児には、医師の診療を受けさせることを優先し、止むを得ない場合にのみ服用させてください。"
続命湯エキス細粒G「コタロー」,https://www.kegg.jp/medicus-bin/japic_otc?japic_code=J1301000239,続命湯,体力中等度以上のものの次の諸症：しびれ、筋力低下、高血圧に伴う症状（めまい、耳鳴り、肩こり、頭痛、頭重、頭部圧迫感）、気管支炎、気管支ぜんそく、神経痛、関節のはれや痛み、頭痛、むくみ,"本剤は、漢方の古典「金匱要略」（後漢時代）に収載の処方に準拠して製造された漢方エキス細粒です。
　続命湯エキス細粒G「コタロー」は、手足や顔面にしびれがあったり、言葉がもつれるなどの症状がある場合に用いられる漢方薬で、高血圧に伴う諸症状でお悩みの方に適用します。
　また、神経痛、関節炎などの痛みやしびれを軽減し、むくみをとる効果もあります。",水製エキス(3.36g),セッコウ(4.8g)、キョウニン(3.2g)、ケイヒ(2.4g)、トウキ(2.4g)、ニンジン(2.4g)、マオウ(2.4g)、カンゾウ(1.6g)、ショウキョウ(1.6g)、センキュウ(1.6g),含水二酸化ケイ素、ステアリン酸マグネシウム,3包(4.2g),"食前または食間に服用してください。
食間とは……食後2～3時間を指します。

［年齢：1回量：1日服用回数］
大人（15歳以上）：1包または1.4g：3回
15歳未満7歳以上：2／3包または0.9g：3回
7歳未満4歳以上：1／2包または0.7g：3回
4歳未満2歳以上：1／3包または0.5g：3回
2歳未満：1／4包または0.4g：3回

（大入り剤に添付のサジは、すり切り一杯で約0.6gです）","■してはいけないこと
（守らないと現在の症状が悪化したり、副作用が起こりやすくなります）
 

 次の人は服用しないでください
　生後3ヵ月未満の乳児。
 


 ■相談すること
 

 1．次の人は服用前に医師、薬剤師または登録販売者に相談してください
　（1）医師の治療を受けている人。
　（2）妊婦または妊娠していると思われる人。
　（3）体の虚弱な人（体力の衰えている人、体の弱い人）。
　（4）胃腸の弱い人。
　（5）発汗傾向の著しい人。
　（6）高齢者。
　（7）今までに薬などにより発疹・発赤、かゆみ等を起こしたことがある人。
　（8）次の症状のある人。
　　むくみ、排尿困難
　（9）次の診断を受けた人。
　　高血圧、心臓病、腎臓病、甲状腺機能障害
2．服用後、次の症状があらわれた場合は副作用の可能性がありますので、直ちに服用を中止し、この文書を持って医師、薬剤師または登録販売者に相談してください

［関係部位：症状］
皮膚：発疹・発赤、かゆみ
消化器：吐き気・嘔吐、食欲不振、胃部不快感

　まれに次の重篤な症状が起こることがあります。その場合は直ちに医師の診療を受けてください。

［症状の名称：症状］
偽アルドステロン症：手足のだるさ、しびれ、つっぱり感やこわばりに加えて、脱力感、筋肉痛があらわれ、徐々に強くなる。
ミオパチー：手足のだるさ、しびれ、つっぱり感やこわばりに加えて、脱力感、筋肉痛があらわれ、徐々に強くなる。

3．1ヵ月位（頭痛に服用する場合には5～6回）服用しても症状がよくならない場合は服用を中止し、この文書を持って医師、薬剤師または登録販売者に相談してください
4．長期連用する場合には、医師、薬剤師または登録販売者に相談してください","（1）小児に服用させる場合には、保護者の指導監督のもとに服用させてください。
（2）1歳未満の乳児には、医師の診療を受けさせることを優先し、止むを得ない場合にのみ服用させてください。"
疎経活血湯エキス細粒G「コタロー」​,https://www.kegg.jp/medicus-bin/japic_otc?japic_code=J0601009974&b=saji,疎経活血湯,腰痛、関節痛、神経痛、筋肉痛,"本剤は、漢方の古典「万病回春」（明代）に収載の処方に準拠して製造された漢方エキス細粒です。
　手足の関節や、腰から下あるいは肩、くび、腕などが痛み、時には腫れたり、しびれたりして日常生活に支障を来たしている方が少なくありません。
　これらは時に夜間に痛みがひどくなったり、寒冷・湿気で悪化するなど、原因やあらわれ方もさまざまです。
　疎経活血湯エキス細粒G「コタロー」は、経を疎し（気血の道の通りをよくし）、血を活かして（血行をよくして）上記の症状を改善する薬です。",水製エキス(3.6g),シャクヤク(1.25g)、ジオウ(1g)、センキュウ(1g)、ソウジュツ(1g)、トウキ(1g)、トウニン(1g)、ブクリョウ(1g)、イレイセン(0.75g)、ゴシツ(0.75g)、チンピ(0.75g)、ビャクシ(0.75g)、ボウイ(0.75g)、ボウフウ(0.75g)、リュウタン(0.75g)、ワキョウカツ(0.75g)、カンゾウ(0.5g)、ショウキョウ(0.5g),含水二酸化ケイ素、ステアリン酸マグネシウム,3包(4.5g),"食前または食間に服用してください。
食間とは……食後2～3時間を指します。

［年齢：1回量：1日服用回数］
大人（15歳以上）：1包または1.5g：3回
15歳未満7歳以上：2／3包または1.0g：3回
7歳未満4歳以上：1／2包または0.75g：3回
4歳未満2歳以上：1／3包または0.5g：3回
2歳未満：服用しないでください

（大入り剤に添付のサジは、すり切り一杯で約0.6gです）","■相談すること
 

 1．次の人は服用前に医師、薬剤師または登録販売者に相談してください
　（1）医師の治療を受けている人。
　（2）妊婦または妊娠していると思われる人。
　（3）胃腸が弱く下痢しやすい人。
　（4）今までに薬などにより発疹・発赤、かゆみ等を起こしたことがある人。
2．服用後、次の症状があらわれた場合は副作用の可能性がありますので、直ちに服用を中止し、この文書を持って医師、薬剤師または登録販売者に相談してください

［関係部位：症状］
皮膚：発疹・発赤、かゆみ
消化器：食欲不振、胃部不快感

3．1ヵ月位服用しても症状がよくならない場合は服用を中止し、この文書を持って医師、薬剤師または登録販売者に相談してください",小児に服用させる場合には、保護者の指導監督のもとに服用させてください。
蘇子降気湯エキス細粒G「コタロー」,https://www.kegg.jp/medicus-bin/japic_otc?japic_code=J1101000260,蘇子降気湯,体力虚弱で、足冷えや顔ののぼせがあり、息苦しさのあるものの次の諸症：慢性気管支炎、気管支ぜんそく,"せきは日常誰にでも起きる症状ですが、せきによるエネルギーの消耗は激しく、体力がない方にとって、大変疲れるものです。足腰が冷えやすく、のぼせ傾向で、せきで呼吸困難が激しいものを改善してくれる代表的な漢方薬です。虚弱者や高齢者に多いせきに応用されています。
　蘇子降気湯エキス細粒G「コタロー」は、たんが多く、せきが出て呼吸が苦しいものの気管支炎、ぜんそくに効果があります。",水製エキス(2.7g),ハンゲ(3.2g)、シソシ(2.4g)、ケイヒ(2g)、コウボク(2g)、ゼンコ(2g)、チンピ(2g)、トウキ(2g)、タイソウ(1.2g)、カンゾウ(0.8g)、ショウキョウ(0.4g),含水二酸化ケイ素、ステアリン酸マグネシウム、トウモロコシデンプン、アメ粉,3包(4.5g),"食前または食間に服用してください。
食間とは……食後2～3時間を指します。

［年齢：1回量：1日服用回数］
大人（15歳以上）：1包または1.5g：3回
15歳未満7歳以上：2／3包または1.0g：3回
7歳未満4歳以上：1／2包または0.75g：3回
4歳未満2歳以上：1／3包または0.5g：3回
2歳未満：1／4包または0.37g：3回

（大入り剤に添付のサジは、すり切り一杯で約0.6gです）","■してはいけないこと
（守らないと現在の症状が悪化したり、副作用が起こりやすくなります）
 

 次の人は服用しないでください
　生後3ヵ月未満の乳児。
 


 ■相談すること
 

 1．次の人は服用前に医師、薬剤師または登録販売者に相談してください
　（1）医師の治療を受けている人。
　（2）妊婦または妊娠していると思われる人。
　（3）胃腸の弱い人。
　（4）今までに薬などにより発疹・発赤、かゆみ等を起こしたことがある人。
2．服用後、次の症状があらわれた場合は副作用の可能性がありますので、直ちに服用を中止し、この文書を持って医師、薬剤師または登録販売者に相談してください

［関係部位：症状］
皮膚：発疹・発赤、かゆみ

3．1ヵ月位服用しても症状がよくならない場合は服用を中止し、この文書を持って医師、薬剤師または登録販売者に相談してください","（1）小児に服用させる場合には、保護者の指導監督のもとに服用させてください。
（2）1歳未満の乳児には、医師の診療を受けさせることを優先し、止むを得ない場合にのみ服用させてください。"
大黄甘草湯エキス細粒G「コタロー」,https://www.kegg.jp/medicus-bin/japic_otc?japic_code=J0901000386,大黄甘草湯,便秘,"大黄甘草湯は便秘で悩んでおられる方に用いる代表的な漢方処方です。食生活の欧米化により、食物繊維が不足し、競争社会によるストレスや日常の運動不足も手伝って、便秘をする人が増えています。便秘は単におなかにトラブルを起こすだけではなく、生活習慣病の原因としても注目されています。
　大黄甘草湯エキス細粒G「コタロー」は、大黄と甘草の2つの生薬から成り、主薬の大黄の働きを甘草が調節して、お通じをもたらしてくれます。排便をいつまでも便秘薬にたよるのではなく、毎日の生活習慣（食事、運動など）を見直すことも大切です。",大黄甘草湯エキス(1.2g),ダイオウ(3.2g)、カンゾウ(1.6g),含水二酸化ケイ素、ステアリン酸マグネシウム、トウモロコシデンプン、粉末飴,3包(4.5g),"食前または食間に服用してください。
食間とは……食後2～3時間を指します。

［年齢：1回量：1日服用回数］
大人（15歳以上）：1包または1.5g：3回
15歳未満7歳以上：2／3包または1.0g：3回
7歳未満4歳以上：1／2包または0.75g：3回
4歳未満：服用しないでください

（大入り剤に添付のサジは、すり切り一杯で約0.6gです）","■してはいけないこと
（守らないと現在の症状が悪化したり、副作用が起こりやすくなります）
 

 1．本剤を服用している間は、次の医薬品を服用しないでください
　他の瀉下薬（下剤）
2．授乳中の人は本剤を服用しないか、本剤を服用する場合は授乳を避けてください
 


 ■相談すること
 

 1．次の人は服用前に医師、薬剤師または登録販売者に相談してください
　（1）医師の治療を受けている人。
　（2）妊婦または妊娠していると思われる人。
　（3）体の虚弱な人（体力の衰えている人、体の弱い人）。
　（4）胃腸が弱く下痢しやすい人。
　（5）高齢者。
　（6）次の症状のある人。
　　むくみ
　（7）次の診断を受けた人。
　　高血圧、心臓病、腎臓病
2．服用後、次の症状があらわれた場合は副作用の可能性がありますので、直ちに服用を中止し、この文書を持って医師、薬剤師または登録販売者に相談してください

［関係部位：症状］
消化器：はげしい腹痛を伴う下痢、腹痛

　まれに次の重篤な症状が起こることがあります。その場合は直ちに医師の診療を受けてください。

［症状の名称：症状］
偽アルドステロン症：手足のだるさ、しびれ、つっぱり感やこわばりに加えて、脱力感、筋肉痛があらわれ、徐々に強くなる。
ミオパチー：手足のだるさ、しびれ、つっぱり感やこわばりに加えて、脱力感、筋肉痛があらわれ、徐々に強くなる。

3．服用後、次の症状があらわれることがありますので、このような症状の持続または増強が見られた場合には、服用を中止し、この文書を持って医師、薬剤師または登録販売者に相談してください
　下痢
4．5～6日間服用しても症状がよくならない場合は服用を中止し、この文書を持って医師、薬剤師または登録販売者に相談してください
5．長期連用する場合には、医師、薬剤師または登録販売者に相談してください",小児に服用させる場合には、保護者の指導監督のもとに服用させてください。
大建中湯エキス細粒G「コタロー」,https://www.kegg.jp/medicus-bin/japic_otc?japic_code=J1301000277,大建中湯,体力虚弱で、腹が冷えて痛むものの次の諸症：下腹部痛、腹部膨満感,"冷たいものを取り過ぎたり、冷房の強い部屋に長時間いたりする訳ではないのに、お腹が冷えて、痛んだり、張ったり、時には吐き気を訴えたりする方がおられます。これらの症状は、お腹の環境が乱れ、緊張したり、弛緩したりする結果生じるお腹のトラブルです。
　そのような時に用いられるのが、大建中湯エキス細粒G「コタロー」です。胃腸機能の低下で冷えに弱くなった方にも使われます。",無コウイ大建中湯エキス(1.68g),コウイ(16g)、カンキョウ(4g)、ニンジン(2.4g)、サンショウ(1.6g),ステアリン酸マグネシウム、トウモロコシデンプン、乳糖水和物、プルラン、メタケイ酸アルミン酸マグネシウム,6包(21.6g),"食前または食間に服用してください。
食間とは……食後2～3時間を指します。

［年齢：1回量：1日服用回数］
大人（15歳以上）：2包：3回
15歳未満7歳以上：1包と1／3包：3回
7歳未満4歳以上：1包：3回
4歳未満2歳以上：2／3包：3回
2歳未満：1／2包：3回","■してはいけないこと
（守らないと現在の症状が悪化したり、副作用が起こりやすくなります）
 

 次の人は服用しないでください
　生後3ヵ月未満の乳児。
 


 ■相談すること
 

 1．次の人は服用前に医師、薬剤師または登録販売者に相談してください
　（1）医師の治療を受けている人。
　（2）妊婦または妊娠していると思われる人。
　（3）今までに薬などにより発疹・発赤、かゆみ等を起こしたことがある人。
　（4）次の診断を受けた人。
　　肝臓病
2．服用後、次の症状があらわれた場合は副作用の可能性がありますので、直ちに服用を中止し、この文書を持って医師、薬剤師または登録販売者に相談してください

［関係部位：症状］
皮膚：発疹・発赤、かゆみ

　まれに次の重篤な症状が起こることがあります。その場合は直ちに医師の診療を受けてください。

［症状の名称：症状］
間質性肺炎：階段を上ったり、少し無理をしたりすると息切れがする・息苦しくなる、空せき、発熱等がみられ、これらが急にあらわれたり、持続したりする。
肝機能障害：発熱、かゆみ、発疹、黄疸（皮膚や白目が黄色くなる）、褐色尿、全身のだるさ、食欲不振等があらわれる。

3．1週間位服用しても症状がよくならない場合は服用を中止し、この文書を持って医師、薬剤師または登録販売者に相談してください","（1）小児に服用させる場合には、保護者の指導監督のもとに服用させてください。
（2）1歳未満の乳児には、医師の診療を受けさせることを優先し、止むを得ない場合にのみ服用させてください。
（3）本剤は1回服用量が多いため、薬剤がのどにつかえることのないよう一度に飲み込むことのできる量に調節して服用するなど、よく注意してください。"
沢瀉湯エキス細粒G「コタロー」,https://www.kegg.jp/medicus-bin/japic_otc?japic_code=J1101000338,沢瀉湯,めまい、頭重,"日常生活において、周囲がぐるぐる回って見えたり、ふわふわと足が地についていないような感じがするなどの症状がめまいの特徴です。めまいは、いろいろな病気に伴って発生しますが、漢方では頭部の水分代謝がうまく働かないために起きると考えられています。
　沢瀉湯エキス細粒G「コタロー」は、みぞおちあたりがつかえ、頭にものをかぶったような頭重感から、立つことや歩くことが難しくなったり、横になって目をとじていても、グルグル回っているような激しいめまいに用いられるお薬です。",水製エキス(2g),タクシャ(4.8g)、ビャクジュツ(2.4g),含水二酸化ケイ素、ステアリン酸マグネシウム、トウモロコシデンプン、アメ粉,3包(4.5g),"食前または食間に服用してください。
食間とは……食後2～3時間を指します。

［年齢：1回量：1日服用回数］
大人（15歳以上）：1包または1.5g：3回
15歳未満7歳以上：2／3包または1.0g：3回
7歳未満4歳以上：1／2包または0.75g：3回
4歳未満2歳以上：1／3包または0.5g：3回
2歳未満：1／4包または0.37g：3回

（大入り剤に添付のサジは、すり切り一杯で約0.6gです）","■してはいけないこと
（守らないと現在の症状が悪化したり、副作用が起こりやすくなります）
 

 次の人は服用しないでください
　生後3ヵ月未満の乳児。
 


 ■相談すること
 

 1．次の人は服用前に医師、薬剤師または登録販売者に相談してください
　（1）医師の治療を受けている人。
　（2）妊婦または妊娠していると思われる人。
2．1ヵ月位服用しても症状がよくならない場合は服用を中止し、この文書を持って医師、薬剤師または登録販売者に相談してください","（1）小児に服用させる場合には、保護者の指導監督のもとに服用させてください。
（2）1歳未満の乳児には、医師の診療を受けさせることを優先し、止むを得ない場合にのみ服用させてください。"
竹葉石膏湯エキス細粒G「コタロー」,https://www.kegg.jp/medicus-bin/japic_otc?japic_code=J1401000078,竹葉石膏湯,体力虚弱で、かぜが治りきらず、たんが切れにくく、ときに熱感、強いせきこみ、口が渇くものの次の諸症：からぜき、気管支炎、気管支ぜんそく、口渇、軽い熱中症,"かぜや気管支炎などの発熱性疾患で、発汗が過多となり熱が下がった後も、その熱のために脱水状態になって、口が渇く、肌が乾燥する、時には気道の乾燥から激しいせきが出たりします。
　そのような時に応用されるのが、竹葉石膏湯エキス細粒G「コタロー」です。熱によって消耗した水分を補い、肌や粘膜を潤し、衰えた体力を回復させ、咳や気道の炎症を鎮める漢方薬です。夏場の熱中症や、口渇を訴える各種疾患にも使われます。",水製エキス(5g),セッコウ(12.8g)、バクモンドウ(8g)、コウベイ(5.6g)、ハンゲ(4g)、ニンジン(2.4g)、カンゾウ(1.6g)、チクヨウ(1.6g),含水二酸化ケイ素、ステアリン酸マグネシウム,3包(6g),"食前または食間に服用してください。
食間とは……食後2～3時間を指します。

［年齢：1回量：1日服用回数］
大人（15歳以上）：1包または2.0g：3回
15歳未満7歳以上：2／3包または1.3g：3回
7歳未満4歳以上：1／2包または1.0g：3回
4歳未満2歳以上：1／3包または0.7g：3回
2歳未満：1／4包または0.5g：3回

（大入り剤に添付のサジは、すり切り一杯で約0.6gです）","■してはいけないこと
（守らないと現在の症状が悪化したり、副作用が起こりやすくなります）
 

 次の人は服用しないでください
　生後3ヵ月未満の乳児。
 


 ■相談すること
 

 1．次の人は服用前に医師、薬剤師または登録販売者に相談してください
　（1）医師の治療を受けている人。
　（2）妊婦または妊娠していると思われる人。
　（3）体の虚弱な人（体力の衰えている人、体の弱い人）。
　（4）胃腸虚弱で冷え症の人。
　（5）高齢者。
　（6）次の症状のある人。
　　むくみ
　（7）次の診断を受けた人。
　　高血圧、心臓病、腎臓病
2．服用後、次の症状があらわれた場合は副作用の可能性がありますので、直ちに服用を中止し、この文書を持って医師、薬剤師または登録販売者に相談してください

［関係部位：症状］
消化器：食欲不振、胃部不快感

　まれに次の重篤な症状が起こることがあります。その場合は直ちに医師の診療を受けてください。

［症状の名称：症状］
偽アルドステロン症：手足のだるさ、しびれ、つっぱり感やこわばりに加えて、脱力感、筋肉痛があらわれ、徐々に強くなる。
ミオパチー：手足のだるさ、しびれ、つっぱり感やこわばりに加えて、脱力感、筋肉痛があらわれ、徐々に強くなる。

3．1ヵ月位（からぜきに服用する場合には5～6日間）服用しても症状がよくならない場合は服用を中止し、この文書を持って医師、薬剤師または登録販売者に相談してください
4．長期連用する場合には、医師、薬剤師または登録販売者に相談してください","（1）小児に服用させる場合には、保護者の指導監督のもとに服用させてください。
（2）1歳未満の乳児には、医師の診療を受けさせることを優先し、止むを得ない場合にのみ服用させてください。"
治打撲一方エキス細粒G「コタロー」,https://www.kegg.jp/medicus-bin/japic_otc?japic_code=J1501000155,治打撲一方,体力に関わらず使用でき、はれ、痛みがあるものの次の諸症：打撲、捻挫,"本剤は、漢方の古典「一本堂医事説約」（江戸時代）収載の処方にもとづいてつくられたエキスを、飲みやすく細粒剤としたものです。
　健康志向の現代では、お年寄りから若者まで、スポーツに日曜大工にと、手足や体を動かす機会が増えています。あるいはドライブなども盛んで行動範囲が広がっていますが、そうした日常生活で、万全を期していてもちょっとしたはずみで打撲し、腫れて痛んだり、血腫ができたりすることがあります。
　治打撲一方エキス細粒G「コタロー」は、打撲による腫れや痛みに効きめをあらわす漢方薬です。",水製エキス(1.84g),ケイヒ(2.4g)、センキュウ(2.4g)、センコツ(2.4g)、ボクソク(2.4g)、カンゾウ(1.2g)、ダイオウ(0.8g)、チョウジ(0.8g),含水二酸化ケイ素、ステアリン酸マグネシウム、アメ粉,3包(3g),"食前または食間に服用してください。
食間とは……食後2～3時間を指します。

［年齢：1回量：1日服用回数］
大人（15歳以上）：1包または1.0g：3回
15歳未満7歳以上：2／3包または0.7g：3回
7歳未満4歳以上：1／2包または0.5g：3回
4歳未満2歳以上：1／3包または0.3g：3回
2歳未満：1／4包または0.2g：3回

（大入り剤に添付のサジは、すり切り一杯で約0.6gです）","■してはいけないこと
（守らないと現在の症状が悪化したり、副作用が起こりやすくなります）
 

 1．次の人は服用しないでください
　生後3ヵ月未満の乳児。
2．授乳中の人は本剤を服用しないか、本剤を服用する場合は授乳を避けてください
 


 ■相談すること
 

 1．次の人は服用前に医師、薬剤師または登録販売者に相談してください
　（1）医師の治療を受けている人。
　（2）妊婦または妊娠していると思われる人。
　（3）体の虚弱な人（体力の衰えている人、体の弱い人）。
　（4）胃腸が弱く下痢しやすい人。
　（5）高齢者。
　（6）今までに薬などにより発疹・発赤、かゆみ等を起こしたことがある人。
　（7）次の症状のある人。
　　むくみ
　（8）次の診断を受けた人。
　　高血圧、心臓病、腎臓病
　（9）次の医薬品を服用している人。
　　瀉下薬（下剤）
2．服用後、次の症状があらわれた場合は副作用の可能性がありますので、直ちに服用を中止し、この文書を持って医師、薬剤師または登録販売者に相談してください

［関係部位：症状］
皮膚：発疹・発赤、かゆみ
消化器：はげしい腹痛を伴う下痢、腹痛

　まれに次の重篤な症状が起こることがあります。その場合は直ちに医師の診療を受けてください。

［症状の名称：症状］
偽アルドステロン症：手足のだるさ、しびれ、つっぱり感やこわばりに加えて、脱力感、筋肉痛があらわれ、徐々に強くなる。
ミオパチー：手足のだるさ、しびれ、つっぱり感やこわばりに加えて、脱力感、筋肉痛があらわれ、徐々に強くなる。

3．服用後、次の症状があらわれることがありますので、このような症状の持続または増強が見られた場合には、服用を中止し、この文書を持って医師、薬剤師または登録販売者に相談してください
　軟便、下痢
4．1週間位服用しても症状がよくならない場合は服用を中止し、この文書を持って医師、薬剤師または登録販売者に相談してください
5．長期連用する場合には、医師、薬剤師または登録販売者に相談してください","（1）小児に服用させる場合には、保護者の指導監督のもとに服用させてください。
（2）1歳未満の乳児には、医師の診療を受けさせることを優先し、止むを得ない場合にのみ服用させてください。"
知柏地黄丸エキス細粒G「コタロー」,https://www.kegg.jp/medicus-bin/japic_otc?japic_code=J1501000264,知柏地黄丸,体力中等度以下で、疲れやすく胃腸障害がなく、口渇があるものの次の諸症：顔や四肢のほてり、排尿困難、頻尿、むくみ,"本剤は、漢方の古典「医宗金鑑」に収載された知柏地黄丸に準拠して製造された細粒剤です。
　中高年になって、体がだるく、あるいは腰痛が起こるなどして下半身のおとろえを感じ、また顔や手足がほてる、あるいは口のかわきを覚えながら、排尿困難、逆にトイレが近い、といったことが起こります。
　これらは中医学で陰虚火旺の症状といって、体の中の潤いをもたらす体液（陰液）が不足（虚）し、腎の働きがいわばオーバーヒートした状態（火旺）で起こる症状とみなします。これは若い人でも過労などで体力・気力を過酷に消耗したあとにもみられる状態です。
　知柏地黄丸エキス細粒G「コタロー」は、六味地黄丸に、神経系の興奮をおさえるとされる知母（ハナスゲの根茎）と黄柏（キハダの樹皮）を加えた漢方薬です。",エキス散(8.96g),ジオウ(6.4g)、サンシュユ(3.2g)、サンヤク(3.2g)、オウバク(2.4g)、タクシャ(2.4g)、チモ(2.4g)、ブクリョウ(2.4g)、ボタンピ(2.4g),含水二酸化ケイ素、軽質無水ケイ酸、ステアリン酸マグネシウム,3包(10.5g),"食前または食間に服用してください。
食間とは……食後2～3時間を指します。

［年齢：1回量：1日服用回数］
大人（15歳以上）：1包または3.5g：3回
15歳未満7歳以上：2／3包または2.3g：3回
7歳未満4歳以上：1／2包または1.8g：3回
4歳未満2歳以上：1／3包または1.2g：3回
2歳未満：1／4包または0.9g：3回

（大入り剤に添付のサジは、すり切り一杯で約0.6gです）","■してはいけないこと
（守らないと現在の症状が悪化したり、副作用が起こりやすくなります）
 

 次の人は服用しないでください
　（1）生後3ヵ月未満の乳児。
　（2）胃腸の弱い人。
　（3）下痢しやすい人。
 


 ■相談すること
 

 1．次の人は服用前に医師、薬剤師または登録販売者に相談してください
　（1）医師の治療を受けている人。
　（2）妊婦または妊娠していると思われる人。
2．服用後、次の症状があらわれた場合は副作用の可能性がありますので、直ちに服用を中止し、この文書を持って医師、薬剤師または登録販売者に相談してください

［関係部位：症状］
消化器：吐き気、胸やけ、食欲不振、胃部不快感、腹痛

3．服用後、次の症状があらわれることがありますので、このような症状の持続または増強が見られた場合には、服用を中止し、この文書を持って医師、薬剤師または登録販売者に相談してください
　下痢
4．1ヵ月位服用しても症状がよくならない場合は服用を中止し、この文書を持って医師、薬剤師または登録販売者に相談してください","（1）小児に服用させる場合には、保護者の指導監督のもとに服用させてください。
（2）1歳未満の乳児には、医師の診療を受けさせることを優先し、止むを得ない場合にのみ服用させてください。"
釣藤散エキス細粒G「コタロー」,https://www.kegg.jp/medicus-bin/japic_otc?japic_code=J0801000353,釣藤散,体力中等度で、慢性に経過する頭痛、めまい、肩こりなどがあるものの次の諸症：慢性頭痛、神経症、高血圧の傾向のあるもの,"中年から高年にかけて、高血圧などの生活習慣病の傾向が出てくるとともに、頭痛がするといったことがあります。とくに日ごろ過労や緊張によるストレスの強い働き盛りの方で、起床時あるいは午前中に調子が悪く、頭痛がしたり頭が重い、といった方がしばしばみられます。
　釣藤散エキス細粒G「コタロー」は、中高年や血圧が高くなる傾向の方の慢性に続く頭痛をとる漢方薬です。",釣藤散エキス(4.48g),セッコウ(4g)、チョウトウコウ(2.4g)、チンピ(2.4g)、バクモンドウ(2.4g)、ハンゲ(2.4g)、ブクリョウ(2.4g)、キクカ(1.6g)、ニンジン(1.6g)、ボウフウ(1.6g)、カンゾウ(0.8g)、ショウキョウ(0.8g),含水二酸化ケイ素、ステアリン酸マグネシウム、トウモロコシデンプン,3包(6g),"食前または食間に服用してください。
食間とは……食後2～3時間を指します。

［年齢：1回量：1日服用回数］
大人（15歳以上）：1包または2.0g：3回
15歳未満7歳以上：2／3包または1.3g：3回
7歳未満4歳以上：1／2包または1.0g：3回
4歳未満：服用しないでください

（大入り剤に添付のサジは、すり切り一杯で約0.6gです）","■相談すること
 

 1．次の人は服用前に医師、薬剤師または登録販売者に相談してください
　（1）医師の治療を受けている人。
　（2）妊婦または妊娠していると思われる人。
　（3）胃腸虚弱で冷え症の人。
　（4）今までに薬などにより発疹・発赤、かゆみ等を起こしたことがある人。
2．服用後、次の症状があらわれた場合は副作用の可能性がありますので、直ちに服用を中止し、この文書を持って医師、薬剤師または登録販売者に相談してください

［関係部位：症状］
皮膚：発疹・発赤、かゆみ
消化器：食欲不振、胃部不快感

3．1ヵ月位服用しても症状がよくならない場合は服用を中止し、この文書を持って医師、薬剤師または登録販売者に相談してください",小児に服用させる場合には、保護者の指導監督のもとに服用させてください。
猪苓湯エキス細粒G「コタロー」,https://www.kegg.jp/medicus-bin/japic_otc?japic_code=J2601000069,猪苓湯,体力に関わらず使用でき、排尿異常があり、ときに口が渇くものの次の諸症：排尿痛、残尿感、排尿困難、頻尿、むくみ,"本剤は、漢方の古典「傷寒論」、「金匱要略」（いずれも後漢時代）収載の処方にもとづいてつくられたエキスを、飲みやすく細粒剤としたものです。
　猪苓湯エキス細粒G「コタロー」は、排尿時に痛みや不快な残尿感があるとか、尿が出にくい場合に用いられる漢方薬です。",水製エキス(0.96g),カッセキ(2.4g)、ゼラチン(2.4g)、タクシャ(2.4g)、チョレイ(2.4g)、ブクリョウ(2.4g),ステアリン酸マグネシウム、トウモロコシデンプン、乳糖水和物、プルラン、メタケイ酸アルミン酸マグネシウム,3包(4.8g),"食前または食間に服用してください。
食間とは……食後2～3時間を指します。

［年齢：1回量：1日服用回数］
大人（15歳以上）：1包または1.6g：3回
15歳未満7歳以上：2／3包または1.1g：3回
7歳未満4歳以上：1／2包または0.8g：3回
4歳未満2歳以上：1／3包または0.5g：3回
2歳未満：1／4包または0.4g：3回

（大入り剤に添付のサジは、すり切り一杯で約0.6gです）","■してはいけないこと
（守らないと現在の症状が悪化したり、副作用が起こりやすくなります）
 

 次の人は服用しないでください
　生後3ヵ月未満の乳児。
 


 ■相談すること
 

 1．次の人は服用前に医師、薬剤師または登録販売者に相談してください
　（1）医師の治療を受けている人。
　（2）妊婦または妊娠していると思われる人。
2．服用後、次の症状があらわれた場合は副作用の可能性がありますので、直ちに服用を中止し、この文書を持って医師、薬剤師または登録販売者に相談してください

［関係部位：症状］
皮膚：発疹・発赤、かゆみ

3．1ヵ月位服用しても症状がよくならない場合は服用を中止し、この文書を持って医師、薬剤師または登録販売者に相談してください","（1）小児に服用させる場合には、保護者の指導監督のもとに服用させてください。
（2）1歳未満の乳児には、医師の診療を受けさせることを優先し、止むを得ない場合にのみ服用させてください。"
通導散エキス細粒G「コタロー」,https://www.kegg.jp/medicus-bin/japic_otc?japic_code=J1001000384,通導散,体力中等度以上で、下腹部に圧痛があって便秘しがちなものの次の諸症：月経不順、月経痛、更年期障害、打ち身（打撲）、腰痛、便秘、高血圧の随伴症状（頭痛、めまい、肩こり）,"通導散エキス細粒G「コタロー」は、漢方でいうお血の改善に用いる漢方薬です。お血は一種の血液循環障害と考えられ、打撲や外傷に伴う内出血やうっ血もお血で、慢性的な一種の体質としてお血がみられる場合もあります。この場合、自律神経や内分泌系との関係も示唆されています。
　顔が赤いとか、唇や歯ぐきが暗赤色を帯びているといったことが、お血の目安となる場合もあります。また、ほかに便秘傾向、下腹部を押すと圧迫感がある、更年期にみられるようなイライラ、不安などの精神症状、からだの各部の痛みや凝りも一連のお血症状とみなされることがあります。本剤はこれらの緩和に効果があります。",水製エキス(5.2g),キジツ(2.4g)、ダイオウ(2.4g)、トウキ(2.4g)、カンゾウ(1.6g)、コウカ(1.6g)、コウボク(1.6g)、ソボク(1.6g)、チンピ(1.6g)、モクツウ(1.6g)、無水ボウショウ(1.44g),ステアリン酸マグネシウム、トウモロコシデンプン、乳糖水和物、プルラン、メタケイ酸アルミン酸マグネシウム,3包(9.6g),"食前または食間に服用してください。
食間とは……食後2～3時間を指します。

［年齢：1回量：1日服用回数］
大人（15歳以上）：1包または3.2g：3回
15歳未満7歳以上：2／3包または2.1g：3回
7歳未満4歳以上：1／2包または1.6g：3回
4歳未満2歳以上：1／3包または1.1g：3回
2歳未満：服用しないでください

（大入り剤に添付のサジは、すり切り一杯で約0.6gです）","■してはいけないこと
（守らないと現在の症状が悪化したり、副作用が起こりやすくなります）
 

 1．本剤を服用している間は、次の医薬品を服用しないでください
　他の瀉下薬（下剤）
2．授乳中の人は本剤を服用しないか、本剤を服用する場合は授乳を避けてください
 


 ■相談すること
 

 1．次の人は服用前に医師、薬剤師または登録販売者に相談してください
　（1）医師の治療を受けている人。
　（2）妊婦または妊娠していると思われる人。
　（3）体の虚弱な人（体力の衰えている人、体の弱い人）。
　（4）胃腸が弱く下痢しやすい人。
　（5）高齢者。
　（6）次の症状のある人。
　　むくみ
　（7）次の診断を受けた人。
　　高血圧、心臓病、腎臓病
2．服用後、次の症状があらわれた場合は副作用の可能性がありますので、直ちに服用を中止し、この文書を持って医師、薬剤師または登録販売者に相談してください

［関係部位：症状］
消化器：はげしい腹痛を伴う下痢、腹痛

　まれに次の重篤な症状が起こることがあります。その場合は直ちに医師の診療を受けてください。

［症状の名称：症状］
偽アルドステロン症：手足のだるさ、しびれ、つっぱり感やこわばりに加えて、脱力感、筋肉痛があらわれ、徐々に強くなる。
ミオパチー：手足のだるさ、しびれ、つっぱり感やこわばりに加えて、脱力感、筋肉痛があらわれ、徐々に強くなる。

3．服用後、次の症状があらわれることがありますので、このような症状の持続または増強が見られた場合には、服用を中止し、この文書を持って医師、薬剤師または登録販売者に相談してください
　下痢
4．1ヵ月位（便秘に服用する場合には5～6日間）服用しても症状がよくならない場合は服用を中止し、この文書を持って医師、薬剤師または登録販売者に相談してください
5．長期連用する場合には、医師、薬剤師または登録販売者に相談してください",小児に服用させる場合には、保護者の指導監督のもとに服用させてください。
定悸飲エキス錠N「コタロー」,https://www.kegg.jp/medicus-bin/japic_otc?japic_code=J1801000199,定悸飲,体力中等度で、ときにめまい、ふらつき、のぼせがあるものの次の諸症：動悸、不安神経症,"ストレスや不安感、過労などにより、動悸を強く感じることがあります。一度このような身体の不調を感じると、更にいろいろな症状があらわれることもあります。定悸飲は、その名前が示している通り、気の上衝に伴う動悸や不安に感じることで起こる症状を和らげる漢方薬です。
　定悸飲エキス錠N「コタロー」は、めまい、ふらつき、のぼせを伴った動悸のほか、不安神経症にも用いられます。",水製エキス(0.75g),ブクリョウ(3g)、ケイヒ(1.5g)、ビャクジュツ(1.5g)、ボレイ(1.5g)、リヒ(1g)、カンゾウ(0.75g)、ゴシュユ(0.75g),カルメロースカルシウム(CMC-Ca)、含水二酸化ケイ素、ステアリン酸マグネシウム、トウモロコシデンプン、アメ粉,9錠,"食前または食間に服用してください。
食間とは……食後2～3時間を指します。

［年齢：1回量：1日服用回数］
大人（15歳以上）：3錠：3回
15歳未満5歳以上：2錠：3回
5歳未満：服用しないでください","■相談すること
 

 1．次の人は服用前に医師、薬剤師または登録販売者に相談してください
　（1）医師の治療を受けている人。
　（2）妊婦または妊娠していると思われる人。
　（3）今までに薬などにより発疹・発赤、かゆみ等を起こしたことがある人。
2．服用後、次の症状があらわれた場合は副作用の可能性がありますので、直ちに服用を中止し、この文書を持って医師、薬剤師または登録販売者に相談してください

［関係部位：症状］
皮膚：発疹・発赤、かゆみ

3．1ヵ月位服用しても症状がよくならない場合は服用を中止し、この文書を持って医師、薬剤師または登録販売者に相談してください",小児に服用させる場合には、保護者の指導監督のもとに服用させてください。
当帰飲子エキス細粒G「コタロー」,https://www.kegg.jp/medicus-bin/japic_otc?japic_code=J1101000062,当帰飲子,体力中等度以下で、冷え症で、皮膚が乾燥するものの次の諸症：湿疹・皮膚炎（分泌物の少ないもの）、かゆみ,"年を重ねてくるとお肌が乾燥気味になって、かゆみを訴えることがよくあります。また、高齢者でなくても空気が冷えて乾燥してくる季節、皮膚がカサカサした傾向になったり、かゆみに悩まされる方も近年増えています。
　これらは、漢方では血虚（滋潤・栄養の働きをする血の不足）に伴って起こっていると考えますが、当帰飲子エキス細粒G「コタロー」は分泌物の少ない湿疹、かゆみをおさえる皮膚の漢方薬です。",水製エキス(5.2g),トウキ(4g)、ジオウ(3.2g)、シツリシ(2.4g)、シャクヤク(2.4g)、センキュウ(2.4g)、ボウフウ(2.4g)、カシュウ(2g)、オウギ(1.6g)、ケイガイ(1.6g)、カンゾウ(0.8g),含水二酸化ケイ素、ステアリン酸マグネシウム、アメ粉,3包(7.5g),"食前または食間に服用してください。
食間とは……食後2～3時間を指します。

［年齢：1回量：1日服用回数］
大人（15歳以上）：1包または2.5g：3回
15歳未満7歳以上：2／3包または1.67g：3回
7歳未満4歳以上：1／2包または1.25g：3回
4歳未満：服用しないでください

（大入り剤に添付のサジは、すり切り一杯で約0.6gです）","■相談すること
 

 1．次の人は服用前に医師、薬剤師または登録販売者に相談してください
　（1）医師の治療を受けている人。
　（2）妊婦または妊娠していると思われる人。
　（3）胃腸が弱く下痢しやすい人。
　（4）今までに薬などにより発疹・発赤、かゆみ等を起こしたことがある人。
2．服用後、次の症状があらわれた場合は副作用の可能性がありますので、直ちに服用を中止し、この文書を持って医師、薬剤師または登録販売者に相談してください

［関係部位：症状］
皮膚：発疹・発赤、かゆみ
消化器：食欲不振、胃部不快感、腹痛

3．服用後、次の症状があらわれることがありますので、このような症状の持続または増強が見られた場合には、服用を中止し、この文書を持って医師、薬剤師または登録販売者に相談してください
　下痢
4．1ヵ月位服用しても症状がよくならない場合は服用を中止し、この文書を持って医師、薬剤師または登録販売者に相談してください",小児に服用させる場合には、保護者の指導監督のもとに服用させてください。
当帰四逆加呉茱萸生姜湯エキス細粒G「コタロー」,https://www.kegg.jp/medicus-bin/japic_otc?japic_code=J0701000736,当帰四逆加呉茱萸生姜湯,手足の冷えを感じ、下肢が冷えると下肢又は下腹部が痛くなりやすいものの次の諸症：しもやけ、頭痛、下腹部痛、腰痛,"本剤は、しもやけをはじめ、冷えから来る頭痛、腰痛、下腹の痛みなどに用いられます。手足や下半身が冷えるが、現代医学では必ずしも病気として扱われません。冷え症の原因は職場や家の環境、冷房、衣服などいろいろです。いずれにしても毎年しもやけに悩まされたり、持病のような頭痛などの原因ともなると軽くみることはできません。
　冷え症は漢方の得意とする分野であり、当帰四逆加呉茱萸生姜湯エキス細粒G「コタロー」は、体の内からこれらの症状を改善するお薬です。",水製エキス(4.8g),タイソウ(4g)、ケイヒ(2.4g)、シャクヤク(2.4g)、トウキ(2.4g)、モクツウ(2.4g)、カンゾウ(1.6g)、ゴシュユ(1.6g)、サイシン(1.6g)、ショウキョウ(0.8g),ステアリン酸マグネシウム、トウモロコシデンプン、乳糖水和物、プルラン、メタケイ酸アルミン酸マグネシウム,3包(7.2g),"食前または食間に服用してください。
食間とは……食後2～3時間を指します。

［年齢：1回量：1日服用回数］
大人（15歳以上）：1包：3回
15歳未満7歳以上：2／3包：3回
7歳未満4歳以上：1／2包：3回
4歳未満：服用しないでください","■相談すること
 

 1．次の人は服用前に医師、薬剤師または登録販売者に相談してください
　（1）医師の治療を受けている人。
　（2）妊婦または妊娠していると思われる人。
　（3）胃腸の弱い人。
　（4）高齢者。
　（5）今までに薬などにより発疹・発赤、かゆみ等を起こしたことがある人。
　（6）次の症状のある人。
　　むくみ
　（7）次の診断を受けた人。
　　高血圧、心臓病、腎臓病
2．服用後、次の症状があらわれた場合は副作用の可能性がありますので、直ちに服用を中止し、この文書を持って医師、薬剤師または登録販売者に相談してください

［関係部位：症状］
皮膚：発疹・発赤、かゆみ

　まれに次の重篤な症状が起こることがあります。その場合は直ちに医師の診療を受けてください。

［症状の名称：症状］
偽アルドステロン症：手足のだるさ、しびれ、つっぱり感やこわばりに加えて、脱力感、筋肉痛があらわれ、徐々に強くなる。
ミオパチー：手足のだるさ、しびれ、つっぱり感やこわばりに加えて、脱力感、筋肉痛があらわれ、徐々に強くなる。

3．1ヵ月位服用しても症状がよくならない場合は服用を中止し、この文書を持って医師、薬剤師または登録販売者に相談してください
4．長期連用する場合には、医師、薬剤師または登録販売者に相談してください",小児に服用させる場合には、保護者の指導監督のもとに服用させてください。
当帰芍薬散料エキス細粒G「コタロー」,https://www.kegg.jp/medicus-bin/japic_otc?japic_code=J0801000354,当帰芍薬散,体力虚弱で、冷え症で貧血の傾向があり疲労しやすく、ときに下腹部痛、頭重、めまい、肩こり、耳鳴り、動悸などを訴えるものの次の諸症：月経不順、月経異常、月経痛、更年期障害、産前産後あるいは流産による障害（貧血、疲労倦怠、めまい、むくみ）、めまい・立ちくらみ、むくみ、耳鳴り、頭重、肩こり、腰痛、足腰の冷え症、しみ、しもやけ,"本剤は、冷え症の方や貧血気味の方に用いる処方です。
　当帰芍薬散料エキス細粒G「コタロー」は、体力がなく、生理が不順であり、またつらい方、足腰が冷えて肩こり、頭痛を訴える方、産前産後、流産時に貧血や体のだるさを訴える方に効果があります。",当帰芍薬散エキス(4.4g),シャクヤク(3.2g)、タクシャ(3.2g)、ビャクジュツ(3.2g)、ブクリョウ(3.2g)、センキュウ(2.4g)、トウキ(2.4g),ステアリン酸マグネシウム、トウモロコシデンプン、乳糖水和物、プルラン、メタケイ酸アルミン酸マグネシウム,3包(7.2g),"食前または食間に服用してください。
食間とは……食後2～3時間を指します。

［年齢：1回量：1日服用回数］
大人（15歳以上）：1包：3回
15歳未満7歳以上：2／3包：3回
7歳未満4歳以上：1／2包：3回
4歳未満：服用しないでください","■相談すること
 

 1．次の人は服用前に医師、薬剤師または登録販売者に相談してください
　（1）医師の治療を受けている人。
　（2）胃腸の弱い人。
　（3）今までに薬などにより発疹・発赤、かゆみ等を起こしたことがある人。
2．服用後、次の症状があらわれた場合は副作用の可能性がありますので、直ちに服用を中止し、この文書を持って医師、薬剤師または登録販売者に相談してください

［関係部位：症状］
皮膚：発疹・発赤、かゆみ
消化器：食欲不振、胃部不快感

3．1ヵ月位服用しても症状がよくならない場合は服用を中止し、この文書を持って医師、薬剤師または登録販売者に相談してください",小児に服用させる場合には、保護者の指導監督のもとに服用させてください。
独活葛根湯エキス細粒G「コタロー」,https://www.kegg.jp/medicus-bin/japic_otc?japic_code=J1501000156,独活葛根湯,体力中等度又はやや虚弱なものの次の諸症：四十肩、五十肩、肩こり、寝ちがえ,"本剤は、漢方の古典「外台秘要」（唐代）収載の処方にもとづいてつくられたエキスを、飲みやすく細粒剤としたものです。
　現代社会では、OA機器などの進歩により、肩が重だるい、肩の筋肉がこわばるといった方が多く、慢性化している方もいます。
　独活葛根湯エキス細粒G「コタロー」は、肩こりにも使われる葛根湯に、独活（ウドの根茎）と地黄とが配合された処方で、肩から首筋のこりを取り除く漢方の肩こり薬です。
　また、40～50歳代に肩関節が痛み、ちょっとした動作も困難となるいわゆる五十肩にもおすすめできます。",水製エキス(4.08g),カッコン(4g)、ジオウ(3.2g)、ケイヒ(2.4g)、シャクヤク(2.4g)、ドクカツ(1.6g)、マオウ(1.6g)、カンゾウ(0.8g)、ショウキョウ(0.8g)、タイソウ(0.8g),含水二酸化ケイ素、ステアリン酸マグネシウム、アメ粉,3包(5.4g),"食前または食間に服用してください。
食間とは……食後2～3時間を指します。

［年齢：1回量：1日服用回数］
大人（15歳以上）：1包または1.8g：3回
15歳未満7歳以上：2／3包または1.2g：3回
7歳未満4歳以上：1／2包または0.9g：3回
4歳未満2歳以上：1／3包または0.6g：3回
2歳未満：1／4包または0.45g：3回

（大入り剤に添付のサジは、すり切り一杯で約0.6gです）","■してはいけないこと
（守らないと現在の症状が悪化したり、副作用が起こりやすくなります）
 

 次の人は服用しないでください
　生後3ヵ月未満の乳児。
 


 ■相談すること
 

 1．次の人は服用前に医師、薬剤師または登録販売者に相談してください
　（1）医師の治療を受けている人。
　（2）妊婦または妊娠していると思われる人。
　（3）体の虚弱な人（体力の衰えている人、体の弱い人）。
　（4）胃腸が弱く下痢しやすい人。
　（5）発汗傾向の著しい人。
　（6）高齢者。
　（7）今までに薬などにより発疹・発赤、かゆみ等を起こしたことがある人。
　（8）次の症状のある人。
　　排尿困難
　（9）次の診断を受けた人。
　　高血圧、心臓病、腎臓病、甲状腺機能障害
2．服用後、次の症状があらわれた場合は副作用の可能性がありますので、直ちに服用を中止し、この文書を持って医師、薬剤師または登録販売者に相談してください

［関係部位：症状］
皮膚：発疹・発赤、かゆみ
消化器：食欲不振、胃部不快感

3．1ヵ月位服用しても症状がよくならない場合は服用を中止し、この文書を持って医師、薬剤師または登録販売者に相談してください","（1）小児に服用させる場合には、保護者の指導監督のもとに服用させてください。
（2）1歳未満の乳児には、医師の診療を受けさせることを優先し、止むを得ない場合にのみ服用させてください。"
独活寄生丸エキス細粒G「コタロー」,https://www.kegg.jp/medicus-bin/japic_otc?japic_code=J1101000269,生薬製剤,疲れやすく、下肢が冷えやすいものの次の諸症：腰痛、関節痛、下肢のしびれ・痛み,"若い頃は、運動をして四肢や腰を酷使しても、翌日には疲れが取れたものですが、ある程度の年齢になると脚腰の痛みやしびれが、なかなか取れないものです。漢方では、関節・筋肉・骨などの運動器のトラブルを「痺証」と呼びます。原因は気血のめぐりが悪くなって、そこへ栄養やエネルギーを充分送れないために起きると考えます。さらに老化や、過労が加われば、若い方でも治りにくくなってきます。
　独活寄生丸エキス細粒G「コタロー」は、慢性で頑固な四肢、腰などの痛みに用いられるお薬です。",水製エキス(4.8g),トウドクカツ(1.55g)、カンゾウ(1.03g)、ケイヒ(1.03g)、ゴシツ(1.03g)、サイシン(1.03g)、ジオウ(1.03g)、シャクヤク(1.03g)、ショウキョウ(1.03g)、ジンギョウ(1.03g)、センキュウ(1.03g)、ソウキセイ(1.03g)、トウキ(1.03g)、トウジン(1.03g)、トチュウ(1.03g)、ブクリョウ(1.03g)、ボウフウ(1.03g),含水二酸化ケイ素、ステアリン酸マグネシウム,2包(6g),"食前または食間に服用してください。
食間とは……食後2～3時間を指します。

［年齢：1回量：1日服用回数］
成人（15歳以上）：1包または3.0g：2回
15歳未満：服用しないでください

（大入り剤に添付のサジは、すり切り一杯で約0.6gです）","■相談すること
 

 1．次の人は服用前に医師、薬剤師または登録販売者に相談してください
　（1）医師の治療を受けている人。
　（2）妊婦または妊娠していると思われる人。
　（3）のぼせが強く赤ら顔の人。
　（4）高齢者。
　（5）今までに薬などにより発疹・発赤、かゆみ等を起こしたことがある人。
　（6）次の症状のある人。
　　むくみ
　（7）次の診断を受けた人。
　　高血圧、心臓病、腎臓病
2．服用後、次の症状があらわれた場合は副作用の可能性がありますので、直ちに服用を中止し、この文書を持って医師、薬剤師または登録販売者に相談してください

［関係部位：症状］
皮膚：発疹・発赤、かゆみ
消化器：胃部不快感

　まれに次の重篤な症状が起こることがあります。その場合は直ちに医師の診療を受けてください。

［症状の名称：症状］
偽アルドステロン症：手足のだるさ、しびれ、つっぱり感やこわばりに加えて、脱力感、筋肉痛があらわれ、徐々に強くなる。
ミオパチー：手足のだるさ、しびれ、つっぱり感やこわばりに加えて、脱力感、筋肉痛があらわれ、徐々に強くなる。

3．1ヵ月位服用しても症状がよくならない場合は服用を中止し、この文書を持って医師、薬剤師または登録販売者に相談してください
4．長期連用する場合には、医師、薬剤師または登録販売者に相談してください",定められた用法・用量を厳守してください。
独活寄生丸エキス錠N「コタロー」,https://www.kegg.jp/medicus-bin/japic_otc?japic_code=J1301000210,生薬製剤,疲れやすく、下肢が冷えやすいものの次の諸症：腰痛、関節痛、下肢のしびれ・痛み,"若い頃は、運動をして四肢や腰を酷使しても、翌日には疲れが取れたものですが、ある程度の年齢になると脚腰の痛みやしびれが、なかなか取れないものです。漢方では、関節・筋肉・骨などの運動器のトラブルを「痺証」と呼びます。原因は気血のめぐりが悪くなって、そこへ栄養やエネルギーを充分送れないために起きると考えます。さらに老化や、過労が加われば、若い方でも治りにくくなってきます。
　独活寄生丸エキス錠N「コタロー」は、慢性で頑固な四肢、腰などの痛みに用いられるお薬です。",エキス散(5.76g),トウドクカツ(1.55g)、カンゾウ(1.03g)、ケイヒ(1.03g)、ゴシツ(1.03g)、サイシン(1.03g)、ジオウ(1.03g)、シャクヤク(1.03g)、ショウキョウ(1.03g)、ジンギョウ(1.03g)、センキュウ(1.03g)、ソウキセイ(1.03g)、トウキ(1.03g)、トウジン(1.03g)、トチュウ(1.03g)、ブクリョウ(1.03g)、ボウフウ(1.03g),カルメロースカルシウム(CMC-Ca)、含水二酸化ケイ素、クロスカルメロースナトリウム(クロスCMC-Na)、軽質無水ケイ酸、ステアリン酸マグネシウム,20錠,"食前または食間に服用してください。
食間とは……食後2～3時間を指します。

［年齢：1回量：1日服用回数］
成人（15歳以上）：10錠：2回
15歳未満：服用しないでください","■相談すること
 

 1．次の人は服用前に医師、薬剤師または登録販売者に相談してください
　（1）医師の治療を受けている人。
　（2）妊婦または妊娠していると思われる人。
　（3）のぼせが強く赤ら顔の人。
　（4）高齢者。
　（5）今までに薬などにより発疹・発赤、かゆみ等を起こしたことがある人。
　（6）次の症状のある人。
　　むくみ
　（7）次の診断を受けた人。
　　高血圧、心臓病、腎臓病
2．服用後、次の症状があらわれた場合は副作用の可能性がありますので、直ちに服用を中止し、この文書を持って医師、薬剤師または登録販売者に相談してください

［関係部位：症状］
皮膚：発疹・発赤、かゆみ
消化器：胃部不快感

　まれに次の重篤な症状が起こることがあります。その場合は直ちに医師の診療を受けてください。

［症状の名称：症状］
偽アルドステロン症：手足のだるさ、しびれ、つっぱり感やこわばりに加えて、脱力感、筋肉痛があらわれ、徐々に強くなる。
ミオパチー：手足のだるさ、しびれ、つっぱり感やこわばりに加えて、脱力感、筋肉痛があらわれ、徐々に強くなる。

3．1ヵ月位服用しても症状がよくならない場合は服用を中止し、この文書を持って医師、薬剤師または登録販売者に相談してください
4．長期連用する場合には、医師、薬剤師または登録販売者に相談してください",定められた用法・用量を厳守してください。
二陳湯エキス細粒G「コタロー」,https://www.kegg.jp/medicus-bin/japic_otc?japic_code=J2401000050,二陳湯,体力中等度で、悪心、嘔吐があるものの次の諸症：悪心、嘔吐、胃部不快感、慢性胃炎、二日酔,"胃腸が弱っている、または過食などで食物を十分に消化できないと、悪心、嘔吐、胃部不快感が生じることがあります。
　二陳湯エキス細粒G「コタロー」は、胃腸の機能を良くして余分な水分を取り除く働きのある漢方薬です。悪心、嘔吐、胃部不快感に効果があります。また、慢性胃炎、二日酔にも用いられます。",水製エキス(2.9g),ハンゲ(5.6g)、チンピ(2.8g)、ブクリョウ(2.8g)、カンゾウ(1.6g)、ショウキョウ(0.4g),含水二酸化ケイ素、ステアリン酸マグネシウム、アメ粉,3包(4.2g),"食前または食間に服用してください。
食間とは……食後2～3時間を指します。

［年齢：1回量：1日服用回数］
大人（15歳以上）：1包または1.4g：3回
15歳未満7歳以上：2／3包または0.9g：3回
7歳未満4歳以上：1／2包または0.7g：3回
4歳未満2歳以上：1／3包または0.5g：3回
2歳未満：1／4包または0.4g：3回

（大入り剤に添付のサジは、すり切り一杯で約0.6gです）","■してはいけないこと
（守らないと現在の症状が悪化したり、副作用が起こりやすくなります）
 

 次の人は服用しないでください
　生後3ヵ月未満の乳児。
 


 ■相談すること
 

 1．次の人は服用前に医師、薬剤師または登録販売者に相談してください
　（1）医師の治療を受けている人。
　（2）妊婦または妊娠していると思われる人。
　（3）高齢者。
　（4）今までに薬などにより発疹・発赤、かゆみ等を起こしたことがある人。
　（5）次の症状のある人。
　　むくみ
　（6）次の診断を受けた人。
　　高血圧、心臓病、腎臓病
2．服用後、次の症状があらわれた場合は副作用の可能性がありますので、直ちに服用を中止し、この文書を持って医師、薬剤師または登録販売者に相談してください

［関係部位：症状］
皮膚：発疹・発赤、かゆみ

　まれに次の重篤な症状が起こることがあります。その場合は直ちに医師の診療を受けてください。

［症状の名称：症状］
偽アルドステロン症：手足のだるさ、しびれ、つっぱり感やこわばりに加えて、脱力感、筋肉痛があらわれ、徐々に強くなる。
ミオパチー：手足のだるさ、しびれ、つっぱり感やこわばりに加えて、脱力感、筋肉痛があらわれ、徐々に強くなる。

3．5～6日間（二日酔に服用する場合には5～6回）服用しても症状がよくならない場合は服用を中止し、この文書を持って医師、薬剤師または登録販売者に相談してください
4．長期連用する場合には、医師、薬剤師または登録販売者に相談してください","（1）小児に服用させる場合には、保護者の指導監督のもとに服用させてください。
（2）1歳未満の乳児には、医師の診療を受けさせることを優先し、止むを得ない場合にのみ服用させてください。"
女神散エキス細粒G「コタロー」,https://www.kegg.jp/medicus-bin/japic_otc?japic_code=J1601000008,女神散,体力中等度以上で、のぼせとめまいのあるものの次の諸症：産前産後の神経症、更年期障害、月経不順、血の道症、神経症,"女神散は、江戸時代の名医浅田宗伯が婦人の血の道症によく効くことから命名した漢方薬です。その名前が示している通り、女性特有の諸症状に用いられる漢方薬で、血の道症、産前産後あるいは更年期障害による不快な症状を和らげます。
　女神散エキス細粒G「コタロー」は、のぼせ、めまいを伴った産前産後の神経症、更年期障害、生理不順、血の道症といった女性に特有の症状のほか、神経症にも用いられます。",水製エキス(5.2g),オウゴン(3.2g)、コウブシ(3.2g)、トウキ(3.2g)、ビンロウジ(3.2g)、ケイヒ(2.4g)、センキュウ(2.4g)、ビャクジュツ(2.4g)、オウレン(1.6g)、モッコウ(1.6g)、カンゾウ(1.2g)、ニンジン(1.2g)、ダイオウ(0.8g)、チョウジ(0.4g),含水二酸化ケイ素、ステアリン酸マグネシウム,3包(6.6g),"食前または食間に服用してください。
食間とは……食後2～3時間を指します。

［年齢：1回量：1日服用回数］
大人（15歳以上）：1包または2.2g：3回
15歳未満7歳以上：2／3包または1.5g：3回
7歳未満4歳以上：1／2包または1.1g：3回
4歳未満2歳以上：1／3包または0.7g：3回
2歳未満：服用しないでください

（大入り剤に添付のサジは、すり切り一杯で約0.6gです）","■してはいけないこと
（守らないと現在の症状が悪化したり、副作用が起こりやすくなります）
 

 授乳中の人は本剤を服用しないか、本剤を服用する場合は授乳を避けてください
 


 ■相談すること
 

 1．次の人は服用前に医師、薬剤師または登録販売者に相談してください
　（1）医師の治療を受けている人。
　（2）妊婦または妊娠していると思われる人。
　（3）体の虚弱な人（体力の衰えている人、体の弱い人）。
　（4）胃腸が弱く下痢しやすい人。
　（5）高齢者。
　（6）今までに薬などにより発疹・発赤、かゆみ等を起こしたことがある人。
　（7）次の症状のある人。
　　むくみ
　（8）次の診断を受けた人。
　　高血圧、心臓病、腎臓病
　（9）次の医薬品を服用している人。
　　瀉下薬（下剤）
2．服用後、次の症状があらわれた場合は副作用の可能性がありますので、直ちに服用を中止し、この文書を持って医師、薬剤師または登録販売者に相談してください

［関係部位：症状］
皮膚：発疹・発赤、かゆみ
消化器：食欲不振、胃部不快感、はげしい腹痛を伴う下痢、腹痛

　まれに次の重篤な症状が起こることがあります。その場合は直ちに医師の診療を受けてください。

［症状の名称：症状］
偽アルドステロン症：手足のだるさ、しびれ、つっぱり感やこわばりに加えて、脱力感、筋肉痛があらわれ、徐々に強くなる。
ミオパチー：手足のだるさ、しびれ、つっぱり感やこわばりに加えて、脱力感、筋肉痛があらわれ、徐々に強くなる。
肝機能障害：発熱、かゆみ、発疹、黄疸（皮膚や白目が黄色くなる）、褐色尿、全身のだるさ、食欲不振等があらわれる。

3．服用後、次の症状があらわれることがありますので、このような症状の持続または増強が見られた場合には、服用を中止し、この文書を持って医師、薬剤師または登録販売者に相談してください
　軟便、下痢
4．1ヵ月位服用しても症状がよくならない場合は服用を中止し、この文書を持って医師、薬剤師または登録販売者に相談してください
5．長期連用する場合には、医師、薬剤師または登録販売者に相談してください",小児に服用させる場合には、保護者の指導監督のもとに服用させてください。
人参湯エキス細粒G「コタロー」,https://www.kegg.jp/medicus-bin/japic_otc?japic_code=J1301000051,人参湯,体力虚弱で、疲れやすくて手足などが冷えやすいものの次の諸症：胃腸虚弱、下痢、嘔吐、胃痛、腹痛、急・慢性胃炎,"本剤は、漢方の古典「傷寒論」、「金匱要略」（いずれも後漢時代）収載の処方にもとづいてつくられたエキスを、飲みやすく細粒剤としたものです。
　人参湯エキス細粒G「コタロー」は、手足などが冷えやすく、トイレが近い、よく下痢をする、胃腸の弱い方に適したお薬です。また、ふだん胃腸が弱くなくても冷たい飲食物のとりすぎや、寒冷の環境でお腹を冷やして、吐いたり、下痢する場合にも用いられます。",水製エキス(2.56g),カンキョウ(2.4g)、カンゾウ(2.4g)、ニンジン(2.4g)、ビャクジュツ(2.4g),ステアリン酸マグネシウム、トウモロコシデンプン、乳糖水和物、プルラン、メタケイ酸アルミン酸マグネシウム,3包(4.8g),"食前または食間に服用してください。
食間とは……食後2～3時間を指します。

［年齢：1回量：1日服用回数］
大人（15歳以上）：1包：3回
15歳未満7歳以上：2／3包：3回
7歳未満4歳以上：1／2包：3回
4歳未満2歳以上：1／3包：3回
2歳未満：1／4包：3回","■してはいけないこと
（守らないと現在の症状が悪化したり、副作用が起こりやすくなります）
 

 次の人は服用しないでください
　生後3ヵ月未満の乳児。
 


 ■相談すること
 

 1．次の人は服用前に医師、薬剤師または登録販売者に相談してください
　（1）医師の治療を受けている人。
　（2）妊婦または妊娠していると思われる人。
　（3）高齢者。
　（4）今までに薬などにより発疹・発赤、かゆみ等を起こしたことがある人。
　（5）次の症状のある人。
　　むくみ
　（6）次の診断を受けた人。
　　高血圧、心臓病、腎臓病
2．服用後、次の症状があらわれた場合は副作用の可能性がありますので、直ちに服用を中止し、この文書を持って医師、薬剤師または登録販売者に相談してください

［関係部位：症状］
皮膚：発疹・発赤、かゆみ

　まれに次の重篤な症状が起こることがあります。その場合は直ちに医師の診療を受けてください。

［症状の名称：症状］
偽アルドステロン症：手足のだるさ、しびれ、つっぱり感やこわばりに加えて、脱力感、筋肉痛があらわれ、徐々に強くなる。
ミオパチー：手足のだるさ、しびれ、つっぱり感やこわばりに加えて、脱力感、筋肉痛があらわれ、徐々に強くなる。

3．1ヵ月位（急性胃炎に服用する場合には5～6回、下痢、嘔吐に服用する場合には1週間位）服用しても症状がよくならない場合は服用を中止し、この文書を持って医師、薬剤師または登録販売者に相談してください
4．長期連用する場合には、医師、薬剤師または登録販売者に相談してください","（1）小児に服用させる場合には、保護者の指導監督のもとに服用させてください。
（2）1歳未満の乳児には、医師の診療を受けさせることを優先し、止むを得ない場合にのみ服用させてください。"
麦門冬湯エキス細粒G「コタロー」,https://www.kegg.jp/medicus-bin/japic_otc?japic_code=J2601000070,麦門冬湯,体力中等度以下で、たんが切れにくく、ときに強くせきこみ、又は咽頭の乾燥感があるものの次の諸症：からぜき、気管支炎、気管支ぜんそく、咽頭炎、しわがれ声,"本剤は、漢方の古典「金匱要略」（後漢時代）収載の処方にもとづいてつくられたエキスを、細粒剤としたものです。
　麦門冬湯エキス細粒G「コタロー」は、気管支炎や気管支ぜんそくなどで、咳を頻発したり、痰が粘くて切れにくい咳に用いられます。",麦門冬湯エキス散(6.94g),バクモンドウ(8g)、コウベイ(4g)、ハンゲ(4g)、タイソウ(2.4g)、カンゾウ(1.6g)、ニンジン(1.6g),含水二酸化ケイ素、軽質無水ケイ酸、ステアリン酸マグネシウム,3包(8.1g),"食前または食間に服用してください。
食間とは……食後2～3時間を指します。

［年齢：1回量：1日服用回数］
大人（15歳以上）：1包または2.7g：3回
15歳未満7歳以上：2／3包または1.8g：3回
7歳未満4歳以上：1／2包または1.4g：3回
4歳未満2歳以上：1／3包または0.9g：3回
2歳未満：1／4包または0.7g：3回

（大入り剤に添付のサジは、すり切り一杯で約0.6gです）","■してはいけないこと
（守らないと現在の症状が悪化したり、副作用が起こりやすくなります）
 

 次の人は服用しないでください
　生後3ヵ月未満の乳児。
 


 ■相談すること
 

 1．次の人は服用前に医師、薬剤師または登録販売者に相談してください
　（1）医師の治療を受けている人。
　（2）妊婦または妊娠していると思われる人。
　（3）水様性の痰の多い人。
　（4）高齢者。
　（5）次の症状のある人。
　　むくみ
　（6）次の診断を受けた人。
　　高血圧、心臓病、腎臓病
2．服用後、次の症状があらわれた場合は副作用の可能性がありますので、直ちに服用を中止し、この文書を持って医師、薬剤師または登録販売者に相談してください

［関係部位：症状］
消化器：食欲不振、胃部不快感

　まれに次の重篤な症状が起こることがあります。その場合は直ちに医師の診療を受けてください。

［症状の名称：症状］
間質性肺炎：階段を上ったり、少し無理をしたりすると息切れがする・息苦しくなる、空せき、発熱等がみられ、これらが急にあらわれたり、持続したりする。
偽アルドステロン症：手足のだるさ、しびれ、つっぱり感やこわばりに加えて、脱力感、筋肉痛があらわれ、徐々に強くなる。
ミオパチー：手足のだるさ、しびれ、つっぱり感やこわばりに加えて、脱力感、筋肉痛があらわれ、徐々に強くなる。
肝機能障害：発熱、かゆみ、発疹、黄疸（皮膚や白目が黄色くなる）、褐色尿、全身のだるさ、食欲不振等があらわれる。

3．1ヵ月位（からぜきに服用する場合には1週間位）服用しても症状がよくならない場合は服用を中止し、この文書を持って医師、薬剤師または登録販売者に相談してください
4．長期連用する場合には、医師、薬剤師または登録販売者に相談してください","（1）小児に服用させる場合には、保護者の指導監督のもとに服用させてください。
（2）1歳未満の乳児には、医師の診療を受けさせることを優先し、止むを得ない場合にのみ服用させてください。"
八味地黄丸料エキス細粒G「コタロー」,https://www.kegg.jp/medicus-bin/japic_otc?japic_code=J1701000050,八味地黄丸,体力中等度以下で、疲れやすくて、四肢が冷えやすく、尿量減少又は多尿で、ときに口渇があるものの次の諸症：下肢痛、腰痛、しびれ、高齢者のかすみ目、かゆみ、排尿困難、残尿感、夜間尿、頻尿、むくみ、高血圧に伴う随伴症状の改善（肩こり、頭重、耳鳴り）、軽い尿漏れ,"本剤は、漢方の古典「金匱要略」（後漢時代）収載の処方にもとづいてつくられたエキスを、飲みやすく細粒剤としたものです。
　漢方医学に腎気ということばがありますが、これは人間のからだの働きのもとになるエネルギーといえるもので、からだのみずみずしさや活力の源になると考えられています。
　この腎気が中年以降になると徐々に失われ（腎虚といいます）、いわゆる老化現象があらわれるようになります。
　八味地黄丸料エキス細粒G「コタロー」は、腎気を補う漢方薬として用いられ、尿の出が悪くなったり、軽い尿モレ、夜間よくトイレに起きたり、また足腰が痛むとか、目がかすんで小さな文字が読みにくいなどの症状に効果があります。",八味地黄丸エキス(2.65g),ジオウ(2.5g)、サンシュユ(1.5g)、サンヤク(1.5g)、タクシャ(1.5g)、ブクリョウ(1.5g)、ボタンピ(1.5g)、ケイヒ(0.5g)、ブシ末(0.5g),ステアリン酸マグネシウム、トウモロコシデンプン、乳糖水和物、プルラン、メタケイ酸アルミン酸マグネシウム,3包(4.5g),"食前または食間に服用してください。
食間とは……食後2～3時間を指します。

［年齢：1回量：1日服用回数］
大人（15歳以上）：1包：3回
15歳未満7歳以上：2／3包：3回
7歳未満4歳以上：1／2包：3回
4歳未満：服用しないでください","■してはいけないこと
（守らないと現在の症状が悪化したり、副作用が起こりやすくなります）
 

 次の人は服用しないでください
　（1）胃腸の弱い人。
　（2）下痢しやすい人。
 


 ■相談すること
 

 1．次の人は服用前に医師、薬剤師または登録販売者に相談してください
　（1）医師の治療を受けている人。
　（2）妊婦または妊娠していると思われる人。
　（3）のぼせが強く赤ら顔で体力の充実している人。
　（4）今までに薬などにより発疹・発赤、かゆみ等を起こしたことがある人。
2．服用後、次の症状があらわれた場合は副作用の可能性がありますので、直ちに服用を中止し、この文書を持って医師、薬剤師または登録販売者に相談してください

［関係部位：症状］
皮膚：発疹・発赤、かゆみ
消化器：食欲不振、胃部不快感、腹痛
その他：動悸、のぼせ、口唇・舌のしびれ

3．服用後、次の症状があらわれることがありますので、このような症状の持続または増強が見られた場合には、服用を中止し、この文書を持って医師、薬剤師または登録販売者に相談してください
　下痢
4．1ヵ月位服用しても症状がよくならない場合は服用を中止し、この文書を持って医師、薬剤師または登録販売者に相談してください",小児に服用させる場合には、保護者の指導監督のもとに服用させてください。
半夏厚朴湯エキス細粒G「コタロー」,https://www.kegg.jp/medicus-bin/japic_otc?japic_code=J0701000737,半夏厚朴湯,気分がふさいで、咽喉・食道部に異物感があり、ときに動悸、めまい、嘔気などを伴う次の諸症：不安神経症、神経性胃炎、つわり、せき、しわがれ声,"半夏厚朴湯エキス細粒G「コタロー」は、心配性ないし神経質で、気分が重く、あるいはふさぎがちなタイプに用いる漢方薬です。
　具体的には、ノドに何かひっかかっているような感じで、咳ばらいをしてもとれないとか、動悸などがあって何かと不安で、夜もよく眠れない、ストレスが影響して、吐き気などを訴え胃腸の調子がよくないといった方に用います。",半夏厚朴湯エキス(1.76g),ハンゲ(4.8g)、ブクリョウ(4g)、コウボク(2.4g)、ソヨウ(1.6g)、ショウキョウ(0.8g),ステアリン酸マグネシウム、トウモロコシデンプン、乳糖水和物、プルラン、メタケイ酸アルミン酸マグネシウム,3包(4.8g),"食前または食間に服用してください。
食間とは……食後2～3時間を指します。

［年齢：1回量：1日服用回数］
大人（15歳以上）：1包または1.6g：3回
15歳未満7歳以上：2／3包または1.1g：3回
7歳未満4歳以上：1／2包または0.8g：3回
4歳未満2歳以上：1／3包または0.5g：3回
2歳未満：1／4包または0.4g以下：3回

（大入り剤に添付のサジは、すり切り一杯で約0.6gです）","■してはいけないこと
（守らないと現在の症状が悪化したり、副作用が起こりやすくなります）
 

 次の人は服用しないでください
　生後3ヵ月未満の乳児。
 


 ■相談すること
 

 1．次の人は服用前に医師、薬剤師または登録販売者に相談してください
　（1）医師の治療を受けている人。
　（2）今までに薬などにより発疹・発赤、かゆみ等を起こしたことがある人。
2．服用後、次の症状があらわれた場合は副作用の可能性がありますので、直ちに服用を中止し、この文書を持って医師、薬剤師または登録販売者に相談してください

［関係部位：症状］
皮膚：発疹・発赤、かゆみ

3．1ヵ月位（つわりに服用する場合には5～6日間）服用しても症状がよくならない場合は服用を中止し、この文書を持って医師、薬剤師または登録販売者に相談してください","（1）小児に服用させる場合には、保護者の指導監督のもとに服用させてください。
（2）1歳未満の乳児には、医師の診療を受けさせることを優先し、止むを得ない場合にのみ服用させてください。"
婦人宝,https://www.kegg.jp/medicus-bin/japic_otc?japic_code=J1501000168,生薬製剤,更年期障害による次の疾患：生理不順、生理痛、冷え症、貧血、腹痛、腰痛、肩こり、頭痛、めまい、のぼせ、耳鳴り,"冷え症で悩んでいる女性の方はたくさんおられます。冷え症は体質の問題だと考えられ、現代医学では病気として認めてもらえないことも多く、つらさを我慢している方もおられます。月経の異常、不妊症、腰痛などは、冷え症が原因となっていることもあります。慢性的な冷えは、更年期には不定愁訴としてあらわれることもあります。婦人宝はこのような方のお薬です。
　婦人宝はトウキをはじめ、センキュウ、オウギなど9種類の生薬が配合された飲みやすいシロップ剤です。",軟エキス(4.6g),トウキ(5.52g)、アキョウ(0.36g)、オウギ(0.36g)、ジオウ(0.36g)、シャクヤク(0.36g)、トウジン(0.36g)、ブクリョウ(0.36g)、カンゾウ(0.16g)、センキュウ(0.16g),安息香酸ナトリウム、黒砂糖、白糖、パラオキシ安息香酸ブチル、プロピレングリコール、ポリオキシエチレン硬化ヒマシ油60、香料、エタノール、グリセリン、バニリン、エチルバニリン,10mL,"次の量を、1日2回服用してください。

［年齢：1回量：1日服用回数］
成人（15歳以上）：5mL：2回
15歳未満：服用しないでください

（添付のコップは、10mLの計量用となっております）","■相談すること
 

 1．次の人は服用前に医師、薬剤師または登録販売者に相談してください
　（1）医師の治療を受けている人。
　（2）胃腸が弱く下痢しやすい人。
　（3）今までに薬などにより発疹・発赤、かゆみ等を起こしたことがある人。
2．1ヵ月位服用しても症状がよくならない場合は服用を中止し、この文書を持って医師、薬剤師または登録販売者に相談してください","（1）定められた用法・用量を厳守してください。
（2）本剤は、15歳未満の小児に服用させないでください。"
分消湯エキス細粒G「コタロー」,https://www.kegg.jp/medicus-bin/japic_otc?japic_code=J1101000063,分消湯,体力中等度以上で、尿量が少なくて、ときにみぞおちがつかえて便秘の傾向のあるものの次の諸症：むくみ、排尿困難、腹部膨満感,"分消湯エキス細粒G「コタロー」は、身体に水がたまって、むくんだり、腹部が張ったように感じる時に用いる漢方薬です。そんな時に、西洋医学では腎臓にトラブルが起きていると考えて、一般的には利尿剤を用いて治療します。
　このタイプの浮腫は、勢いがあって、圧迫した凹みがすぐ元に戻るもの（実腫）です。むくんでいる時は、みぞおちがつかえて、大小便が少ない傾向にあり、少し食べても腹が張って苦しいという方に適しています。",水製エキス(3.6g),ソウジュツ(2g)、ビャクジュツ(2g)、ブクリョウ(2g)、コウブシ(1.6g)、コウボク(1.6g)、タクシャ(1.6g)、チョレイ(1.6g)、チンピ(1.6g)、キジツ(0.8g)、シュクシャ(0.8g)、ショウキョウ(0.8g)、ダイフクヒ(0.8g)、トウシンソウ(0.8g)、モッコウ(0.8g),含水二酸化ケイ素、ステアリン酸マグネシウム,3包(4.5g),"食前または食間に服用してください。
食間とは……食後2～3時間を指します。

［年齢：1回量：1日服用回数］
大人（15歳以上）：1包または1.5g：3回
15歳未満7歳以上：2／3包または1.0g：3回
7歳未満4歳以上：1／2包または0.75g：3回
4歳未満2歳以上：1／3包または0.5g：3回
2歳未満：1／4包または0.37g：3回

（大入り剤に添付のサジは、すり切り一杯で約0.6gです）","■してはいけないこと
（守らないと現在の症状が悪化したり、副作用が起こりやすくなります）
 

 次の人は服用しないでください
　生後3ヵ月未満の乳児。
 


 ■相談すること
 

 1．次の人は服用前に医師、薬剤師または登録販売者に相談してください
　（1）医師の治療を受けている人。
　（2）妊婦または妊娠していると思われる人。
　（3）今までに薬などにより発疹・発赤、かゆみ等を起こしたことがある人。
2．服用後、次の症状があらわれた場合は副作用の可能性がありますので、直ちに服用を中止し、この文書を持って医師、薬剤師または登録販売者に相談してください

［関係部位：症状］
皮膚：発疹・発赤、かゆみ

3．1ヵ月位服用しても症状がよくならない場合は服用を中止し、この文書を持って医師、薬剤師または登録販売者に相談してください","（1）小児に服用させる場合には、保護者の指導監督のもとに服用させてください。
（2）1歳未満の乳児には、医師の診療を受けさせることを優先し、止むを得ない場合にのみ服用させてください。"
防已黄耆湯エキス細粒G「コタロー」,https://www.kegg.jp/medicus-bin/japic_otc?japic_code=J0801000355,防已黄耆湯,体力中等度以下で、疲れやすく、汗のかきやすい傾向があるものの次の諸症：肥満症（筋肉にしまりのない、いわゆる水ぶとり）、多汗症、肥満に伴う関節のはれや痛み、むくみ,"本剤は、体の水分代謝機能をよくし、むくみなどをとる効果がある処方です。
　防已黄耆湯エキス細粒G「コタロー」は、汗かきで疲れやすい水太りの方、体の重だるい方に効果があります。また膝や足の関節に腫れや痛みがある場合にも用いられます。",防已黄耆湯エキス(3.84g),オウギ(4g)、ボウイ(4g)、タイソウ(2.4g)、ビャクジュツ(2.4g)、カンゾウ(1.2g)、ショウキョウ(0.64g),ステアリン酸マグネシウム、トウモロコシデンプン、乳糖水和物、プルラン、メタケイ酸アルミン酸マグネシウム,3包(6g),"食前または食間に服用してください。
食間とは……食後2～3時間を指します。

［年齢：1回量：1日服用回数］
大人（15歳以上）：1包または2.0g：3回
15歳未満7歳以上：2／3包または1.3g：3回
7歳未満4歳以上：1／2包または1.0g：3回
4歳未満2歳以上：1／3包または0.7g：3回
2歳未満：1／4包または0.5g：3回

（大入り剤に添付のサジは、すり切り一杯で約0.6gです）","■してはいけないこと
（守らないと現在の症状が悪化したり、副作用が起こりやすくなります）
 

 次の人は服用しないでください
　生後3ヵ月未満の乳児。
 


 ■相談すること
 

 1．次の人は服用前に医師、薬剤師または登録販売者に相談してください
　（1）医師の治療を受けている人。
　（2）妊婦または妊娠していると思われる人。
　（3）高齢者。
　（4）今までに薬などにより発疹・発赤、かゆみ等を起こしたことがある人。
　（5）次の症状のある人。
　　むくみ
　（6）次の診断を受けた人。
　　高血圧、心臓病、腎臓病
2．服用後、次の症状があらわれた場合は副作用の可能性がありますので、直ちに服用を中止し、この文書を持って医師、薬剤師または登録販売者に相談してください

［関係部位：症状］
皮膚：発疹・発赤、かゆみ
消化器：食欲不振、胃部不快感

　まれに次の重篤な症状が起こることがあります。その場合は直ちに医師の診療を受けてください。

［症状の名称：症状］
間質性肺炎：階段を上ったり、少し無理をしたりすると息切れがする・息苦しくなる、空せき、発熱等がみられ、これらが急にあらわれたり、持続したりする。
偽アルドステロン症：手足のだるさ、しびれ、つっぱり感やこわばりに加えて、脱力感、筋肉痛があらわれ、徐々に強くなる。
ミオパチー：手足のだるさ、しびれ、つっぱり感やこわばりに加えて、脱力感、筋肉痛があらわれ、徐々に強くなる。
肝機能障害：発熱、かゆみ、発疹、黄疸（皮膚や白目が黄色くなる）、褐色尿、全身のだるさ、食欲不振等があらわれる。

3．1ヵ月位服用しても症状がよくならない場合は服用を中止し、この文書を持って医師、薬剤師または登録販売者に相談してください
4．長期連用する場合には、医師、薬剤師または登録販売者に相談してください","（1）小児に服用させる場合には、保護者の指導監督のもとに服用させてください。
（2）1歳未満の乳児には、医師の診療を受けさせることを優先し、止むを得ない場合にのみ服用させてください。"
防風通聖散エキス細粒G「コタロー」,https://www.kegg.jp/medicus-bin/japic_otc?japic_code=J0901000384,防風通聖散,体力充実して、腹部に皮下脂肪が多く、便秘がちなものの次の諸症：高血圧や肥満に伴う動悸・肩こり・のぼせ・むくみ・便秘、蓄膿症（副鼻腔炎）、湿疹・皮膚炎、吹出物（にきび）、肥満症,"防風通聖散エキス細粒G「コタロー」は、便秘を改善し、排尿、発汗を促して体内の老廃物を取り去る効果があります。これらにより体調を整え、脂肪が多い肥満体質を改善する処方です。
　便秘がちで、特に腹部の皮下脂肪が厚い脂肪太りの方に用いられ、また同時に高血圧に伴う症状がある場合にも効果があります。",防風通聖散エキス(4.8g),カッセキ(2.4g)、オウゴン(1.6g)、カンゾウ(1.6g)、キキョウ(1.6g)、セッコウ(1.6g)、ビャクジュツ(1.6g)、ダイオウ(1.2g)、ケイガイ(0.96g)、サンシシ(0.96g)、シャクヤク(0.96g)、センキュウ(0.96g)、トウキ(0.96g)、ハッカ(0.96g)、ボウフウ(0.96g)、マオウ(0.96g)、レンギョウ(0.96g)、無水ボウショウ(0.56g)、ショウキョウ(0.24g),ステアリン酸マグネシウム、トウモロコシデンプン、乳糖水和物、プルラン、メタケイ酸アルミン酸マグネシウム,3包(7.2g),"食前または食間に服用してください。
食間とは……食後2～3時間を指します。

［年齢：1回量：1日服用回数］
大人（15歳以上）：1包：3回
15歳未満7歳以上：2／3包：3回
7歳未満4歳以上：1／2包：3回
4歳未満：服用しないでください","■してはいけないこと
（守らないと現在の症状が悪化したり、副作用が起こりやすくなります）
 

 1．本剤を服用している間は、次の医薬品を服用しないでください
　他の瀉下薬（下剤）
2．授乳中の人は本剤を服用しないか、本剤を服用する場合は授乳を避けてください
 


 ■相談すること
 

 1．次の人は服用前に医師、薬剤師または登録販売者に相談してください
　（1）医師の治療を受けている人。
　（2）妊婦または妊娠していると思われる人。
　（3）体の虚弱な人（体力の衰えている人、体の弱い人）。
　（4）胃腸が弱く下痢しやすい人。
　（5）発汗傾向の著しい人。
　（6）高齢者。
　（7）今までに薬などにより発疹・発赤、かゆみ等を起こしたことがある人。
　（8）次の症状のある人。
　　むくみ、排尿困難
　（9）次の診断を受けた人。
　　高血圧、心臓病、腎臓病、甲状腺機能障害
2．服用後、次の症状があらわれた場合は副作用の可能性がありますので、直ちに服用を中止し、この文書を持って医師、薬剤師または登録販売者に相談してください

［関係部位：症状］
皮膚：発疹・発赤、かゆみ
消化器：吐き気・嘔吐、食欲不振、胃部不快感、腹部膨満、はげしい腹痛を伴う下痢、腹痛
精神神経系：めまい
その他：発汗、動悸、むくみ、頭痛

　まれに次の重篤な症状が起こることがあります。その場合は直ちに医師の診療を受けてください。

［症状の名称：症状］
間質性肺炎：階段を上ったり、少し無理をしたりすると息切れがする・息苦しくなる、空せき、発熱等がみられ、これらが急にあらわれたり、持続したりする。
偽アルドステロン症：手足のだるさ、しびれ、つっぱり感やこわばりに加えて、脱力感、筋肉痛があらわれ、徐々に強くなる。
ミオパチー：手足のだるさ、しびれ、つっぱり感やこわばりに加えて、脱力感、筋肉痛があらわれ、徐々に強くなる。
肝機能障害：発熱、かゆみ、発疹、黄疸（皮膚や白目が黄色くなる）、褐色尿、全身のだるさ、食欲不振等があらわれる。
腸間膜静脈硬化症：長期服用により、腹痛、下痢、便秘、腹部膨満等が繰り返しあらわれる。

3．服用後、次の症状があらわれることがありますので、このような症状の持続または増強が見られた場合には、服用を中止し、この文書を持って医師、薬剤師または登録販売者に相談してください
　下痢、便秘
4．1ヵ月位（便秘に服用する場合には1週間位）服用しても症状がよくならない場合は服用を中止し、この文書を持って医師、薬剤師または登録販売者に相談してください
5．長期連用する場合には、医師、薬剤師または登録販売者に相談してください",小児に服用させる場合には、保護者の指導監督のもとに服用させてください。
補気建中湯エキス細粒G「コタロー」,https://www.kegg.jp/medicus-bin/japic_otc?japic_code=J1001000008,補気健中湯,体力虚弱で、胃腸が弱いものの次の諸症：腹部膨満感、むくみ,"多くはお腹や全身に溜まった水（漢方でいう水毒）の治療に使用される漢方薬です。水液代謝の異常である腹部や全身に溜まった水には、元気な時期では西洋医学の利尿薬を用いることができますが、元気が衰え虚弱になったものには、あまり適していません。そんな時に用いるのが補気建中湯です。
　補気建中湯エキス細粒G「コタロー」は、体力を補いながら余分に溜まったお腹や全身の水を取り除き、患者様のQOL（生活の質）を高めてくれる漢方薬です。",水製エキス(4.9g),ニンジン(2.4g)、ビャクジュツ(2.4g)、ブクリョウ(2.4g)、ソウジュツ(2g)、チンピ(2g)、オウゴン(1.6g)、コウボク(1.6g)、タクシャ(1.6g)、バクモンドウ(1.6g),含水二酸化ケイ素、ステアリン酸マグネシウム,3包(6g),"食前または食間に服用してください。
食間とは……食後2～3時間を指します。

［年齢：1回量：1日服用回数］
大人（15歳以上）：1包または2.0g：3回
15歳未満7歳以上：2／3包または1.33g：3回
7歳未満4歳以上：1／2包または1.0g：3回
4歳未満2歳以上：1／3包または0.67g：3回
2歳未満：1／4包または0.5g：3回

（大入り剤に添付のサジは、すり切り一杯で約0.6gです）","■してはいけないこと
（守らないと現在の症状が悪化したり、副作用が起こりやすくなります）
 

 次の人は服用しないでください
　生後3ヵ月未満の乳児。
 


 ■相談すること
 

 1．次の人は服用前に医師、薬剤師または登録販売者に相談してください
　（1）医師の治療を受けている人。
　（2）妊婦または妊娠していると思われる人。
2．1ヵ月位服用しても症状がよくならない場合は服用を中止し、この文書を持って医師、薬剤師または登録販売者に相談してください","（1）小児に服用させる場合には、保護者の指導監督のもとに服用させてください。
（2）1歳未満の乳児には、医師の診療を受けさせることを優先し、止むを得ない場合にのみ服用させてください。"
補中益気湯エキス細粒G「コタロー」,https://www.kegg.jp/medicus-bin/japic_otc?japic_code=J0801000356,補中益気湯,体力虚弱で、元気がなく、胃腸の働きが衰えて、疲れやすいものの次の諸症：虚弱体質、疲労倦怠、病後・術後の衰弱、食欲不振、ねあせ、感冒,"本剤は、疲れやすく、食欲がないといった方に用いられる処方です。
　補中益気湯エキス細粒G「コタロー」は、疲れがたまって、手足がぬけるようにだるいという方、普段胃腸があまり丈夫でない方、あるいは太れないタイプの方、病後でまだ本調子でない方を目安に用いられます。",補中益気湯エキス(5.6g),オウギ(3.2g)、ニンジン(3.2g)、ビャクジュツ(3.2g)、トウキ(2.4g)、サイコ(1.6g)、タイソウ(1.6g)、チンピ(1.6g)、カンゾウ(1.2g)、ショウマ(0.8g)、ショウキョウ(0.4g),ステアリン酸マグネシウム、トウモロコシデンプン、乳糖水和物、プルラン、メタケイ酸アルミン酸マグネシウム,3包(9.6g),"食前または食間に服用してください。
食間とは……食後2～3時間を指します。

［年齢：1回量：1日服用回数］
大人（15歳以上）：1包または3.2g：3回
15歳未満7歳以上：2／3包または2.1g：3回
7歳未満4歳以上：1／2包または1.6g：3回
4歳未満2歳以上：1／3包または1.1g：3回
2歳未満：1／4包または0.8g：3回

（大入り剤に添付のサジは、すり切り一杯で約0.6gです）","■してはいけないこと
（守らないと現在の症状が悪化したり、副作用が起こりやすくなります）
 

 次の人は服用しないでください
　生後3ヵ月未満の乳児。
 


 ■相談すること
 

 1．次の人は服用前に医師、薬剤師または登録販売者に相談してください
　（1）医師の治療を受けている人。
　（2）妊婦または妊娠していると思われる人。
　（3）高齢者。
　（4）今までに薬などにより発疹・発赤、かゆみ等を起こしたことがある人。
　（5）次の症状のある人。
　　むくみ
　（6）次の診断を受けた人。
　　高血圧、心臓病、腎臓病
2．服用後、次の症状があらわれた場合は副作用の可能性がありますので、直ちに服用を中止し、この文書を持って医師、薬剤師または登録販売者に相談してください

［関係部位：症状］
皮膚：発疹・発赤、かゆみ

　まれに次の重篤な症状が起こることがあります。その場合は直ちに医師の診療を受けてください。

［症状の名称：症状］
間質性肺炎：階段を上ったり、少し無理をしたりすると息切れがする・息苦しくなる、空せき、発熱等がみられ、これらが急にあらわれたり、持続したりする。
偽アルドステロン症：手足のだるさ、しびれ、つっぱり感やこわばりに加えて、脱力感、筋肉痛があらわれ、徐々に強くなる。
ミオパチー：手足のだるさ、しびれ、つっぱり感やこわばりに加えて、脱力感、筋肉痛があらわれ、徐々に強くなる。
肝機能障害：発熱、かゆみ、発疹、黄疸（皮膚や白目が黄色くなる）、褐色尿、全身のだるさ、食欲不振等があらわれる。

3．1ヵ月位（感冒に服用する場合には5～6日間）服用しても症状がよくならない場合は服用を中止し、この文書を持って医師、薬剤師または登録販売者に相談してください
4．長期連用する場合には、医師、薬剤師または登録販売者に相談してください","（1）小児に服用させる場合には、保護者の指導監督のもとに服用させてください。
（2）1歳未満の乳児には、医師の診療を受けさせることを優先し、止むを得ない場合にのみ服用させてください。"
補陽還五湯エキス細粒G「コタロー」,https://www.kegg.jp/medicus-bin/japic_otc?japic_code=J1301000052,補陽還五湯,体力虚弱なものの次の諸症：しびれ、筋力低下、頻尿、軽い尿漏れ,"わが国では医療が進歩して、過去に多かった細菌などによる感染症が治療できるようになったため、平均寿命が急速に延びて長寿の方が増えました。一方、食生活の欧米化、運動不足、ストレスなどの影響で高血圧、高脂血症、脳梗塞などの生活習慣病が増え、疾病分布が変わってきました。このような生活習慣病では、血液を順調に全身にめぐらせることが大切ですが、血液の流れが悪くなるために、全身にいろいろな不都合が生じている方が増えています。
　手足がしびれたり、麻痺したり、また筋力の低下や、尿を漏らすなどの症状には補陽還五湯エキス細粒G「コタロー」が適応します。日々の生活改善をはかる一助として、本剤をお役立てください。",水製エキス(3.2g),オウギ(5g)、シャクヤク(3g)、トウキ(3g)、コウカ(2g)、ジリュウ(2g)、センキュウ(2g)、トウニン(2g),含水二酸化ケイ素、ステアリン酸マグネシウム、トウモロコシデンプン、アメ粉,3包(6g),"食前または食間に服用してください。
食間とは……食後2～3時間を指します。

［年齢：1回量：1日服用回数］
大人（15歳以上）：1包または2.0g：3回
15歳未満：服用しないでください

（大入り剤に添付のサジは、すり切り一杯で約0.6gです）","■相談すること
 

 1．次の人は服用前に医師、薬剤師または登録販売者に相談してください
　（1）医師の治療を受けている人。
　（2）妊婦または妊娠していると思われる人。
　（3）胃腸の弱い人。
　（4）今までに薬などにより発疹・発赤、かゆみ等を起こしたことがある人。
2．服用後、次の症状があらわれた場合は副作用の可能性がありますので、直ちに服用を中止し、この文書を持って医師、薬剤師または登録販売者に相談してください

［関係部位：症状］
皮膚：発疹・発赤、かゆみ
消化器：吐き気、食欲不振、胃部不快感、腹痛

3．服用後、次の症状があらわれることがありますので、このような症状の持続または増強が見られた場合には、服用を中止し、この文書を持って医師、薬剤師または登録販売者に相談してください
　下痢
4．1ヵ月位服用しても症状がよくならない場合は服用を中止し、この文書を持って医師、薬剤師または登録販売者に相談してください",
麻黄附子細辛湯エキス細粒G「コタロー」,https://www.kegg.jp/medicus-bin/japic_otc?japic_code=J1601000007,麻黄附子細辛湯,体力虚弱で、手足に冷えがあり、ときに悪寒があるものの次の諸症：感冒、アレルギー性鼻炎、気管支炎、気管支ぜんそく、神経痛,"体力が低下した方や高齢者では、かぜをひいても寒気だけで熱はそれほど高くなく、水っぽい鼻水やのどの痛み、からだのだるさなどを訴えることがあります。
　麻黄附子細辛湯エキス細粒G「コタロー」は、このような体力虚弱で、寒気や手足の冷えがある方の感冒、気管支炎、気管支ぜんそくに効果があります。また、アレルギー性鼻炎には通年性、季節性を問わず効果があり、冷えによる神経痛にも応用されています。",水製エキス(0.81g),マオウ(3.2g)、サイシン(2.4g)、ブシ(0.8g),含水二酸化ケイ素、ステアリン酸マグネシウム、アメ粉,3包(3g),"食前または食間に服用してください。
食間とは……食後2～3時間を指します。

［年齢：1回量：1日服用回数］
大人（15歳以上）：1包：3回
15歳未満7歳以上：2／3包：3回
7歳未満4歳以上：1／2包：3回
4歳未満：服用しないでください","■相談すること
 

 1．次の人は服用前に医師、薬剤師または登録販売者に相談してください
　（1）医師の治療を受けている人。
　（2）妊婦または妊娠していると思われる人。
　（3）体の虚弱な人（体力の衰えている人、体の弱い人）。
　（4）胃腸の弱い人。
　（5）のぼせが強く赤ら顔で体力の充実している人。
　（6）発汗傾向の著しい人。
　（7）高齢者。
　（8）今までに薬などにより発疹・発赤、かゆみ等を起こしたことがある人。
　（9）次の症状のある人。
　　排尿困難
　（10）次の診断を受けた人。
　　高血圧、心臓病、腎臓病、甲状腺機能障害
2．服用後、次の症状があらわれた場合は副作用の可能性がありますので、直ちに服用を中止し、この文書を持って医師、薬剤師または登録販売者に相談してください

［関係部位：症状］
皮膚：発疹・発赤、かゆみ
消化器：吐き気・嘔吐、食欲不振、胃部不快感
その他：発汗過多、全身倦怠感、発熱、動悸、のぼせ、ほてり、口唇・舌のしびれ

　まれに次の重篤な症状が起こることがあります。その場合は直ちに医師の診療を受けてください。

［症状の名称：症状］
肝機能障害：発熱、かゆみ、発疹、黄疸（皮膚や白目が黄色くなる）、褐色尿、全身のだるさ、食欲不振等があらわれる。

3．1ヵ月位（感冒に服用する場合には5～6日間）服用しても症状がよくならない場合は服用を中止し、この文書を持って医師、薬剤師または登録販売者に相談してください",小児に服用させる場合には、保護者の指導監督のもとに服用させてください。
麻子仁丸エキス細粒G「コタロー」,https://www.kegg.jp/medicus-bin/japic_otc?japic_code=J2101000124,麻子仁丸,体力中等度以下で、ときに便が硬く塊状なものの次の諸症：便秘、便秘に伴う頭重・のぼせ・湿疹・皮膚炎・吹出物（にきび）・食欲不振（食欲減退）・腹部膨満・腸内異常醗酵・痔などの症状の緩和,"本剤は、漢方の古典「傷寒論」（後漢時代）収載の処方にもとづいてつくられたエキスを、細粒剤としたものです。
　麻子仁丸エキス細粒G「コタロー」は、潤下作用（腸を潤し、蠕動を促す）のある漢方便秘薬です。便が固めの常習便秘に用いられます。",水製エキス(2.24g),マシニン(4g)、ダイオウ(3.2g)、キジツ(1.6g)、キョウニン(1.6g)、コウボク(1.6g)、シャクヤク(1.6g),ステアリン酸マグネシウム、トウモロコシデンプン、乳糖水和物、プルラン、メタケイ酸アルミン酸マグネシウム,3包(4.8g),"食前または食間に服用してください。
食間とは……食後2～3時間を指します。

［年齢：1回量：1日服用回数］
大人（15歳以上）：1包または1.6g：3回
15歳未満7歳以上：2／3包または1.1g：3回
7歳未満4歳以上：1／2包または0.8g：3回
4歳未満2歳以上：1／3包または0.5g：3回
2歳未満：1／4包または0.4g：3回

（大入り剤に添付のサジは、すり切り一杯で約0.6gです）","■してはいけないこと
（守らないと現在の症状が悪化したり、副作用が起こりやすくなります）
 

 1．次の人は服用しないでください
　生後3ヵ月未満の乳児。
2．本剤を服用している間は、次の医薬品を服用しないでください
　他の瀉下薬（下剤）
3．授乳中の人は本剤を服用しないか、本剤を服用する場合は授乳を避けてください
 


 ■相談すること
 

 1．次の人は服用前に医師、薬剤師または登録販売者に相談してください
　（1）医師の治療を受けている人。
　（2）妊婦または妊娠していると思われる人。
　（3）胃腸が弱く下痢しやすい人。
2．服用後、次の症状があらわれた場合は副作用の可能性がありますので、直ちに服用を中止し、この文書を持って医師、薬剤師または登録販売者に相談してください

［関係部位：症状］
消化器：はげしい腹痛を伴う下痢、腹痛

3．服用後、次の症状があらわれることがありますので、このような症状の持続または増強が見られた場合には、服用を中止し、この文書を持って医師、薬剤師または登録販売者に相談してください
　下痢
4．5～6日間服用しても症状がよくならない場合は服用を中止し、この文書を持って医師、薬剤師または登録販売者に相談してください","（1）小児に服用させる場合には、保護者の指導監督のもとに服用させてください。
（2）1歳未満の乳児には、医師の診療を受けさせることを優先し、止むを得ない場合にのみ服用させてください。"
味麦地黄丸エキス細粒G「コタロー」,https://www.kegg.jp/medicus-bin/japic_otc?japic_code=J1501000013,味麦地黄丸,体力中等度以下で、疲れやすく胃腸障害がなく、ときにせき、口渇があるものの次の諸症：からぜき、息切れ、下肢痛、腰痛、しびれ、排尿困難、頻尿、むくみ、高齢者のかすみ目、かゆみ,"せきは一般に肺や気管支などの疾患によって発症するものです。一方、漢方では腎虚といわれる老化によって発症するという考え方があります。漢方では、「呼吸」の「呼（吐く息）」は肺がコントロールし、「吸（吸う息）」は腎がコントロールすると考えています。したがって、老化によって慢性化した呼吸の障害（特に息が深く吸えない、息苦しい）がある場合は、腎虚によると考えて治療をします。そのような時に用いられるのが味麦地黄丸です。
　味麦地黄丸エキス細粒G「コタロー」は、老化（腎虚）の色々な症状を伴う、からぜき、手足腰の痛みやしびれ、小便の出が少なかったり多かったりする排尿異常、視力の衰え、乾燥による皮膚のかゆみや口の乾きなどに用いられるお薬です。",エキス散(8.8g),ジオウ(6.4g)、バクモンドウ(4.8g)、サンシュユ(3.2g)、サンヤク(3.2g)、タクシャ(2.4g)、ブクリョウ(2.4g)、ボタンピ(2.4g)、ゴミシ(1.6g),含水二酸化ケイ素、軽質無水ケイ酸、ステアリン酸マグネシウム,3包(11.4g),"食前または食間に服用してください。
食間とは……食後2～3時間を指します。

［年齢：1回量：1日服用回数］
大人（15歳以上）：1包または3.8g：3回
15歳未満7歳以上：2／3包または2.5g：3回
7歳未満4歳以上：1／2包または1.9g：3回
4歳未満2歳以上：1／3包または1.3g：3回
2歳未満：1／4包または1.0g：3回

（大入り剤に添付のサジは、すり切り一杯で約0.6gです）","■してはいけないこと
（守らないと現在の症状が悪化したり、副作用が起こりやすくなります）
 

 次の人は服用しないでください
　生後3ヵ月未満の乳児。
 


 ■相談すること
 

 1．次の人は服用前に医師、薬剤師または登録販売者に相談してください
　（1）医師の治療を受けている人。
　（2）妊婦または妊娠していると思われる人。
　（3）胃腸が弱く下痢しやすい人。
2．服用後、次の症状があらわれた場合は副作用の可能性がありますので、直ちに服用を中止し、この文書を持って医師、薬剤師または登録販売者に相談してください

［関係部位：症状］
消化器：食欲不振、胃部不快感、腹痛

3．服用後、次の症状があらわれることがありますので、このような症状の持続または増強が見られた場合には、服用を中止し、この文書を持って医師、薬剤師または登録販売者に相談してください
　下痢
4．1ヵ月位服用しても症状がよくならない場合は服用を中止し、この文書を持って医師、薬剤師または登録販売者に相談してください","（1）小児に服用させる場合には、保護者の指導監督のもとに服用させてください。
（2）1歳未満の乳児には、医師の診療を受けさせることを優先し、止むを得ない場合にのみ服用させてください。"
薏苡仁湯エキス細粒G「コタロー」,https://www.kegg.jp/medicus-bin/japic_otc?japic_code=J1601000222,薏苡仁湯,体力中等度で、関節や筋肉のはれや痛みがあるものの次の諸症：関節痛、筋肉痛、神経痛,"本剤は、漢方の古典「明医指掌」に収載の処方にもとづいてつくられたエキスを、飲みやすく細粒剤としたものです。
　膝や肩、手首など、からだの関節部や筋肉の腫れあるいは痛みは、日常の起居・歩行・階段の昇り降りにもさしつかえることが多く、大変つらいものです。
　よく苡仁湯エキス細粒G「コタロー」は、筋肉の痙攣を緩和させ、血行を促進して関節痛、筋肉痛を改善する漢方薬です。",エキス散(4.2g),ヨクイニン(6.4g)、トウキ(3.2g)、ビャクジュツ(3.2g)、マオウ(3.2g)、ケイヒ(2.4g)、シャクヤク(2.4g)、カンゾウ(1.6g),含水二酸化ケイ素、軽質無水ケイ酸、ステアリン酸マグネシウム、アメ粉,3包(5.1g),"食前または食間に服用してください。
食間とは……食後2～3時間を指します。

［年齢：1回量：1日服用回数］
大人（15歳以上）：1包または1.7g：3回
15歳未満7歳以上：2／3包または1.1g：3回
7歳未満4歳以上：1／2包または0.9g：3回
4歳未満2歳以上：1／3包または0.6g：3回
2歳未満：1／4包または0.4g：3回

（大入り剤に添付のサジは、すり切り一杯で約0.6gです）","■してはいけないこと
（守らないと現在の症状が悪化したり、副作用が起こりやすくなります）
 

 次の人は服用しないでください
　生後3ヵ月未満の乳児。
 


 ■相談すること
 

 1．次の人は服用前に医師、薬剤師または登録販売者に相談してください
　（1）医師の治療を受けている人。
　（2）妊婦または妊娠していると思われる人。
　（3）体の虚弱な人（体力の衰えている人、体の弱い人）。
　（4）胃腸の弱い人。
　（5）発汗傾向の著しい人。
　（6）高齢者。
　（7）今までに薬などにより発疹・発赤、かゆみ等を起こしたことがある人。
　（8）次の症状のある人。
　　むくみ、排尿困難
　（9）次の診断を受けた人。
　　高血圧、心臓病、腎臓病、甲状腺機能障害
2．服用後、次の症状があらわれた場合は副作用の可能性がありますので、直ちに服用を中止し、この文書を持って医師、薬剤師または登録販売者に相談してください

［関係部位：症状］
皮膚：発疹・発赤、かゆみ
消化器：吐き気・嘔吐、食欲不振、胃部不快感

　まれに次の重篤な症状が起こることがあります。その場合は直ちに医師の診療を受けてください。

［症状の名称：症状］
偽アルドステロン症：手足のだるさ、しびれ、つっぱり感やこわばりに加えて、脱力感、筋肉痛があらわれ、徐々に強くなる。
ミオパチー：手足のだるさ、しびれ、つっぱり感やこわばりに加えて、脱力感、筋肉痛があらわれ、徐々に強くなる。

3．1ヵ月位服用しても症状がよくならない場合は服用を中止し、この文書を持って医師、薬剤師または登録販売者に相談してください
4．長期連用する場合には、医師、薬剤師または登録販売者に相談してください","（1）小児に服用させる場合には、保護者の指導監督のもとに服用させてください。
（2）1歳未満の乳児には、医師の診療を受けさせることを優先し、止むを得ない場合にのみ服用させてください。"
抑肝散加陳皮半夏エキス細粒G「コタロー」,https://www.kegg.jp/medicus-bin/japic_otc?japic_code=J1001000009,抑肝散加陳皮半夏,体力中等度をめやすとして、やや消化器が弱く、神経がたかぶり、怒りやすい、イライラなどがあるものの次の諸症：神経症、不眠症、小児夜なき、小児疳症（神経過敏）、歯ぎしり、更年期障害、血の道症,"処方名の「抑肝」には、肝気が高ぶって怒りやすく、神経質で俗に疳が強いといわれるのを鎮静させるという意味があります。もとは神経が高ぶってひきつけなどを起こす小児のために創られた処方です。神経過敏や精神的な緊張で眠れない、あるいはイライラして落ち着かないとか、逆にうっとうしいなど、年齢によらず用いることができます。イライラを落ち着かせ、神経を安定させる漢方薬です。
　抑肝散加陳皮半夏エキス細粒G「コタロー」は、ちょっとした物音にびくっとしたり、ヘソの左に動悸や圧痛を感じたりとか、顔面の筋肉がピクピクと引きつったり、睡眠中に歯ぎしりした場合に用います。",抑肝散加陳皮半夏エキス(4.88g),ハンゲ(4g)、ビャクジュツ(3.2g)、ブクリョウ(3.2g)、センキュウ(2.4g)、チョウトウコウ(2.4g)、チンピ(2.4g)、トウキ(2.4g)、サイコ(1.6g)、カンゾウ(1.2g),ステアリン酸マグネシウム、トウモロコシデンプン、乳糖水和物、プルラン、メタケイ酸アルミン酸マグネシウム,3包(7.2g),"食前または食間に服用してください。
食間とは……食後2～3時間を指します。

［年齢：1回量：1日服用回数］
大人（15歳以上）：1包または2.4g：3回
15歳未満7歳以上：2／3包または1.6g：3回
7歳未満4歳以上：1／2包または1.2g：3回
4歳未満2歳以上：1／3包または0.8g：3回
2歳未満：1／4包または0.6g：3回

（大入り剤に添付のサジは、すり切り一杯で約0.6gです）","■してはいけないこと
（守らないと現在の症状が悪化したり、副作用が起こりやすくなります）
 

 次の人は服用しないでください
　生後3ヵ月未満の乳児。
 


 ■相談すること
 

 1．次の人は服用前に医師、薬剤師または登録販売者に相談してください
　（1）医師の治療を受けている人。
　（2）妊婦または妊娠していると思われる人。
　（3）胃腸の弱い人。
　（4）高齢者。
　（5）今までに薬などにより発疹・発赤、かゆみ等を起こしたことがある人。
　（6）次の症状のある人。
　　むくみ
　（7）次の診断を受けた人。
　　高血圧、心臓病、腎臓病
2．服用後、次の症状があらわれた場合は副作用の可能性がありますので、直ちに服用を中止し、この文書を持って医師、薬剤師または登録販売者に相談してください

［関係部位：症状］
皮膚：発疹・発赤、かゆみ

　まれに次の重篤な症状が起こることがあります。その場合は直ちに医師の診療を受けてください。

［症状の名称：症状］
偽アルドステロン症：手足のだるさ、しびれ、つっぱり感やこわばりに加えて、脱力感、筋肉痛があらわれ、徐々に強くなる。
ミオパチー：手足のだるさ、しびれ、つっぱり感やこわばりに加えて、脱力感、筋肉痛があらわれ、徐々に強くなる。

3．1ヵ月位（小児夜泣きに服用する場合には1週間位）服用しても症状がよくならない場合は服用を中止し、この文書を持って医師、薬剤師または登録販売者に相談してください
4．長期連用する場合には、医師、薬剤師または登録販売者に相談してください","（1）小児に服用させる場合には、保護者の指導監督のもとに服用させてください。
（2）1歳未満の乳児には、医師の診療を受けさせることを優先し、止むを得ない場合にのみ服用させてください。"
竜胆瀉肝湯エキス細粒G「コタロー」,https://www.kegg.jp/medicus-bin/japic_otc?japic_code=J0801000358,竜胆瀉肝湯,比較的体力があり、下腹部筋肉が緊張する傾向があるものの次の諸症：排尿痛、残尿感、尿の濁り、こしけ,本剤は、尿道や膀胱、外陰部などに炎症（充血、痛み、腫れ）のある場合に用いられます。漢方ではこの炎症を下焦の湿熱といっています。尿が濁ったり、排尿時に痛む、あるいは出しぶる、その場合しばしば下腹部が重苦しいといった方、またそういう症状をよく繰り返すとか、ご婦人のおりもの（帯下）にも適しています。,水製エキス(4.8g),タクシャ(1.6g)、リュウタン(1.6g)、オウゴン(1.2g)、オウバク(1.2g)、オウレン(1.2g)、カンゾウ(1.2g)、サンシシ(1.2g)、ジオウ(1.2g)、シャクヤク(1.2g)、シャゼンシ(1.2g)、センキュウ(1.2g)、トウキ(1.2g)、ハッカ(1.2g)、ハマボウフウ(1.2g)、モクツウ(1.2g)、レンギョウ(1.2g),ステアリン酸マグネシウム、トウモロコシデンプン、乳糖水和物、プルラン、メタケイ酸アルミン酸マグネシウム,3包(7.2g),"食前または食間に服用してください。
食間とは……食後2～3時間を指します。

［年齢：1回量：1日服用回数］
大人（15歳以上）：1包または2.4g：3回
15歳未満7歳以上：2／3包または1.6g：3回
7歳未満4歳以上：1／2包または1.2g：3回
4歳未満2歳以上：1／3包または0.8g：3回
2歳未満：1／4包または0.6g：3回

（大入り剤に添付のサジは、すり切り一杯で約0.6gです）","■してはいけないこと
（守らないと現在の症状が悪化したり、副作用が起こりやすくなります）
 

 次の人は服用しないでください
　生後3ヵ月未満の乳児。
 


 ■相談すること
 

 1．次の人は服用前に医師、薬剤師または登録販売者に相談してください
　（1）医師の治療を受けている人。
　（2）妊婦または妊娠していると思われる人。
　（3）胃腸が弱く下痢しやすい人。
　（4）高齢者。
　（5）今までに薬などにより発疹・発赤、かゆみ等を起こしたことがある人。
　（6）次の症状のある人。
　　むくみ
　（7）次の診断を受けた人。
　　高血圧、心臓病、腎臓病
2．服用後、次の症状があらわれた場合は副作用の可能性がありますので、直ちに服用を中止し、この文書を持って医師、薬剤師または登録販売者に相談してください

［関係部位：症状］
皮膚：発疹・発赤、かゆみ
消化器：食欲不振、胃部不快感

　まれに次の重篤な症状が起こることがあります。その場合は直ちに医師の診療を受けてください。

［症状の名称：症状］
間質性肺炎：階段を上ったり、少し無理をしたりすると息切れがする・息苦しくなる、空せき、発熱等がみられ、これらが急にあらわれたり、持続したりする。
偽アルドステロン症：手足のだるさ、しびれ、つっぱり感やこわばりに加えて、脱力感、筋肉痛があらわれ、徐々に強くなる。
ミオパチー：手足のだるさ、しびれ、つっぱり感やこわばりに加えて、脱力感、筋肉痛があらわれ、徐々に強くなる。
肝機能障害：発熱、かゆみ、発疹、黄疸（皮膚や白目が黄色くなる）、褐色尿、全身のだるさ、食欲不振等があらわれる。
腸間膜静脈硬化症：長期服用により、腹痛、下痢、便秘、腹部膨満等が繰り返しあらわれる。

3．服用後、次の症状があらわれることがありますので、このような症状の持続または増強が見られた場合には、服用を中止し、この文書を持って医師、薬剤師または登録販売者に相談してください
　下痢
4．1ヵ月位服用しても症状がよくならない場合は服用を中止し、この文書を持って医師、薬剤師または登録販売者に相談してください
5．長期連用する場合には、医師、薬剤師または登録販売者に相談してください","（1）小児に服用させる場合には、保護者の指導監督のもとに服用させてください。
（2）1歳未満の乳児には、医師の診療を受けさせることを優先し、止むを得ない場合にのみ服用させてください。"
苓桂甘棗湯エキス細粒G「コタロー」,https://www.kegg.jp/medicus-bin/japic_otc?japic_code=J1201000030,苓桂甘棗湯,体力中等度以下で、のぼせや動悸があり神経がたかぶるものの次の諸症：動悸、精神不安,"精神不安のためヘソのあたりに動悸を感じ、それが時々胸中に突き上げてきたり、お腹がはり、胸やノドが塞がって苦しくなったりすることがあります。このような突発的な発作が過ぎてしまうと、何もなかったように普通の状態に戻ってしまいます。
　苓桂甘棗湯エキス細粒G「コタロー」は、自律神経がバランスを崩して、このようなとりとめのない精神的なトラブルに襲われた時に服用していただく漢方薬です。気の上衝に伴う動悸や精神不安などにお役立てください。",エキス散(2g),ブクリョウ(6.4g)、ケイヒ(3.2g)、タイソウ(3.2g)、カンゾウ(1.6g),含水二酸化ケイ素、ステアリン酸マグネシウム、トウモロコシデンプン、アメ粉,3包(4.5g),"食前または食間に服用してください。
食間とは……食後2～3時間を指します。

［年齢：1回量：1日服用回数］
大人（15歳以上）：1包または1.5g：3回
15歳未満7歳以上：2／3包または1.0g：3回
7歳未満4歳以上：1／2包または0.75g：3回
4歳未満2歳以上：1／3包または0.5g：3回
2歳未満：1／4包または0.37g：3回

（大入り剤に添付のサジは、すり切り一杯で約0.6gです）","■してはいけないこと
（守らないと現在の症状が悪化したり、副作用が起こりやすくなります）
 

 次の人は服用しないでください
　生後3ヵ月未満の乳児。
 


 ■相談すること
 

 1．次の人は服用前に医師、薬剤師または登録販売者に相談してください
　（1）医師の治療を受けている人。
　（2）妊婦または妊娠していると思われる人。
　（3）高齢者。
　（4）今までに薬などにより発疹・発赤、かゆみ等を起こしたことがある人。
　（5）次の症状のある人。
　　むくみ
　（6）次の診断を受けた人。
　　高血圧、心臓病、腎臓病
2．服用後、次の症状があらわれた場合は副作用の可能性がありますので、直ちに服用を中止し、この文書を持って医師、薬剤師または登録販売者に相談してください

［関係部位：症状］
皮膚：発疹・発赤、かゆみ

　まれに次の重篤な症状が起こることがあります。その場合は直ちに医師の診療を受けてください。

［症状の名称：症状］
偽アルドステロン症：手足のだるさ、しびれ、つっぱり感やこわばりに加えて、脱力感、筋肉痛があらわれ、徐々に強くなる。
ミオパチー：手足のだるさ、しびれ、つっぱり感やこわばりに加えて、脱力感、筋肉痛があらわれ、徐々に強くなる。

3．1週間位服用しても症状がよくならない場合は服用を中止し、この文書を持って医師、薬剤師または登録販売者に相談してください
4．長期連用する場合には、医師、薬剤師または登録販売者に相談してください","（1）小児に服用させる場合には、保護者の指導監督のもとに服用させてください。
（2）1歳未満の乳児には、医師の診療を受けさせることを優先し、止むを得ない場合にのみ服用させてください。"
苓桂朮甘湯エキス細粒G「コタロー」,https://www.kegg.jp/medicus-bin/japic_otc?japic_code=J0801000359,苓桂朮甘湯,体力中等度以下で、めまい、ふらつきがあり、ときにのぼせや動悸があるものの次の諸症：めまい、立ちくらみ、動悸、息切れ、頭痛、耳鳴り、神経症、神経過敏,"本剤は、体調がすぐれず、尿量が減少するなど体内の水分代謝が円滑に行われていない（漢方でいう水毒）方に用いられ、体のバランスを整えていく処方です。
　苓桂朮甘湯エキス細粒G「コタロー」は、神経質でストレスがたまりやすく、めまいや動悸、立ちくらみがある方、また頭痛持ちで朝が弱く、ふらつきを覚える方に効果があります。",苓桂朮甘湯エキス(1.36g),ブクリョウ(4.8g)、ケイヒ(3.2g)、ビャクジュツ(2.4g)、カンゾウ(1.6g),ステアリン酸マグネシウム、トウモロコシデンプン、乳糖水和物、プルラン、メタケイ酸アルミン酸マグネシウム,3包(4.8g),"食前または食間に服用してください。
食間とは……食後2～3時間を指します。

［年齢：1回量：1日服用回数］
大人（15歳以上）：1包または1.6g：3回
15歳未満7歳以上：2／3包または1.1g：3回
7歳未満4歳以上：1／2包または0.8g：3回
4歳未満2歳以上：1／3包または0.5g：3回
2歳未満：1／4包または0.4g：3回

（大入り剤に添付のサジは、すり切り一杯で約0.6gです）","■してはいけないこと
（守らないと現在の症状が悪化したり、副作用が起こりやすくなります）
 

 次の人は服用しないでください
　生後3ヵ月未満の乳児。
 


 ■相談すること
 

 1．次の人は服用前に医師、薬剤師または登録販売者に相談してください
　（1）医師の治療を受けている人。
　（2）妊婦または妊娠していると思われる人。
　（3）高齢者。
　（4）今までに薬などにより発疹・発赤、かゆみ等を起こしたことがある人。
　（5）次の症状のある人。
　　むくみ
　（6）次の診断を受けた人。
　　高血圧、心臓病、腎臓病
2．服用後、次の症状があらわれた場合は副作用の可能性がありますので、直ちに服用を中止し、この文書を持って医師、薬剤師または登録販売者に相談してください

［関係部位：症状］
皮膚：発疹・発赤、かゆみ

　まれに次の重篤な症状が起こることがあります。その場合は直ちに医師の診療を受けてください。

［症状の名称：症状］
偽アルドステロン症：手足のだるさ、しびれ、つっぱり感やこわばりに加えて、脱力感、筋肉痛があらわれ、徐々に強くなる。
ミオパチー：手足のだるさ、しびれ、つっぱり感やこわばりに加えて、脱力感、筋肉痛があらわれ、徐々に強くなる。

3．1ヵ月位服用しても症状がよくならない場合は服用を中止し、この文書を持って医師、薬剤師または登録販売者に相談してください
4．長期連用する場合には、医師、薬剤師または登録販売者に相談してください","（1）小児に服用させる場合には、保護者の指導監督のもとに服用させてください。
（2）1歳未満の乳児には、医師の診療を受けさせることを優先し、止むを得ない場合にのみ服用させてください。"
苓桂味甘湯エキス細粒G「コタロー」,https://www.kegg.jp/medicus-bin/japic_otc?japic_code=J1401000438,苓桂味甘湯,体力中等度以下で、手足が冷えて顔が赤くなるものの次の諸症：のぼせ、動悸、からぜき、のどのふさがり感、耳のふさがり感,"この処方は、体内に冷えと水の滞りがあり、手足が冷えて、上気して顔が赤くなり、頭がぼんやりしたり、動悸がしたり、小便が出にくく、気力が落ちて、気分沈鬱なタイプに効果があります。
　苓桂味甘湯エキス細粒G「コタロー」は、かぜの熱が下がった後に残る咳、気管支の炎症などによる咳や耳（内耳や中耳）の炎症が長引いて耳がふさがるように感じるような症状の方の漢方薬です。",エキス散(1.44g),ブクリョウ(4.8g)、ケイヒ(3.2g)、ゴミシ(2.4g)、カンゾウ(1.6g),含水二酸化ケイ素、軽質無水ケイ酸、ステアリン酸マグネシウム、アメ粉,3包(3g),"食前または食間に服用してください。
食間とは……食後2～3時間を指します。

［年齢：1回量：1日服用回数］
大人（15歳以上）：1包または1.0g：3回
15歳未満7歳以上：2／3包または0.7g：3回
7歳未満4歳以上：1／2包または0.5g：3回
4歳未満2歳以上：1／3包または0.3g：3回
2歳未満：1／4包または0.2g：3回

（大入り剤に添付のサジは、すり切り一杯で約0.6gです）","■してはいけないこと
（守らないと現在の症状が悪化したり、副作用が起こりやすくなります）
 

 次の人は服用しないでください
　生後3ヵ月未満の乳児。
 


 ■相談すること
 

 1．次の人は服用前に医師、薬剤師または登録販売者に相談してください
　（1）医師の治療を受けている人。
　（2）妊婦または妊娠していると思われる人。
　（3）高齢者。
　（4）今までに薬などにより発疹・発赤、かゆみ等を起こしたことがある人。
　（5）次の症状のある人。
　　むくみ
　（6）次の診断を受けた人。
　　高血圧、心臓病、腎臓病
2．服用後、次の症状があらわれた場合は副作用の可能性がありますので、直ちに服用を中止し、この文書を持って医師、薬剤師または登録販売者に相談してください

［関係部位：症状］
皮膚：発疹・発赤、かゆみ

　まれに次の重篤な症状が起こることがあります。その場合は直ちに医師の診療を受けてください。

［症状の名称：症状］
偽アルドステロン症：手足のだるさ、しびれ、つっぱり感やこわばりに加えて、脱力感、筋肉痛があらわれ、徐々に強くなる。
ミオパチー：手足のだるさ、しびれ、つっぱり感やこわばりに加えて、脱力感、筋肉痛があらわれ、徐々に強くなる。

3．1ヵ月位服用しても症状がよくならない場合は服用を中止し、この文書を持って医師、薬剤師または登録販売者に相談してください
4．長期連用する場合には、医師、薬剤師または登録販売者に相談してください","（1）小児に服用させる場合には、保護者の指導監督のもとに服用させてください。
（2）1歳未満の乳児には、医師の診療を受けさせることを優先し、止むを得ない場合にのみ服用させてください。"
麗沢通気湯加辛夷エキス細粒G「コタロー」,https://www.kegg.jp/medicus-bin/japic_otc?japic_code=J2101000074,麗沢通気湯加辛夷,体力中等度のものの次の諸症：嗅覚障害、嗅覚異常、鼻づまり、アレルギー性鼻炎、慢性鼻炎、蓄膿症（副鼻腔炎）,"本剤は、漢方の古典「万病回春」（明代）収載の処方にもとづいてつくられたエキスを、細粒剤としたものです。
　麗沢通気湯加辛夷エキス細粒G「コタロー」は、においがわかりにくい、通常とは異なったにおいが感じられる嗅覚障害・嗅覚異常や、アレルギー性鼻炎や慢性鼻炎などの鼻症状に用いられる漢方薬です。",水製エキス(6.5g),オウギ(3.2g)、ビャクシ(3.2g)、カッコン(2.4g)、キョウカツ(2.4g)、シンイ(2.4g)、ソウジュツ(2.4g)、ドクカツ(2.4g)、ボウフウ(2.4g)、カンゾウ(0.8g)、サンショウ(0.8g)、ショウキョウ(0.8g)、ショウマ(0.8g)、タイソウ(0.8g)、マオウ(0.8g),含水二酸化ケイ素、ステアリン酸マグネシウム,3包(7.8g),"食前または食間に服用してください。
食間とは……食後2～3時間を指します。

［年齢：1回量：1日服用回数］
大人（15歳以上）：1包または2.6g：3回
15歳未満7歳以上：2／3包または1.7g：3回
7歳未満4歳以上：1／2包または1.3g：3回
4歳未満2歳以上：1／3包または0.9g：3回
2歳未満：1／4包または0.7g：3回

（大入り剤に添付のサジは、すり切り一杯で約0.6gです）","■してはいけないこと
（守らないと現在の症状が悪化したり、副作用が起こりやすくなります）
 

 次の人は服用しないでください
　生後3ヵ月未満の乳児。
 


 ■相談すること
 

 1．次の人は服用前に医師、薬剤師または登録販売者に相談してください
　（1）医師の治療を受けている人。
　（2）妊婦または妊娠していると思われる人。
　（3）体の虚弱な人（体力の衰えている人、体の弱い人）。
　（4）胃腸の弱い人。
　（5）発汗傾向の著しい人。
　（6）高齢者。
　（7）今までに薬などにより発疹・発赤、かゆみ等を起こしたことがある人。
　（8）次の症状のある人。
　　排尿困難
　（9）次の診断を受けた人。
　　高血圧、心臓病、腎臓病、甲状腺機能障害
2．服用後、次の症状があらわれた場合は副作用の可能性がありますので、直ちに服用を中止し、この文書を持って医師、薬剤師または登録販売者に相談してください

［関係部位：症状］
皮膚：発疹・発赤、かゆみ
消化器：吐き気、食欲不振、胃部不快感

3．1ヵ月位服用しても症状がよくならない場合は服用を中止し、この文書を持って医師、薬剤師または登録販売者に相談してください","（1）小児に服用させる場合には、保護者の指導監督のもとに服用させてください。
（2）1歳未満の乳児には、医師の診療を受けさせることを優先し、止むを得ない場合にのみ服用させてください。"
連珠飲エキス細粒G「コタロー」,https://www.kegg.jp/medicus-bin/japic_otc?japic_code=J1301000257,連珠飲,体力中等度又はやや虚弱で、ときにのぼせ、ふらつきがあるものの次の諸症：更年期障害、立ちくらみ、めまい、動悸、息切れ、貧血,"本剤は動悸、めまい、立ちくらみ、息切れなどの症状を改善する漢方処方です。華奢な方やダイエットをしてやせた方の中には、貧血でお悩みの方が結構おられます。若い時は大したことがなくても、歳を重ねるにしたがって、更年期からのホルモン変調などによりこのような不定愁訴を訴えることが多くなります。
　連珠飲エキス細粒G「コタロー」は、血液の不足を補い、その循環を高め、水分の片寄りや神経の働きを整える働きがあります。",水製エキス(4.6g),ブクリョウ(4.8g)、ケイヒ(3.2g)、ジオウ(2.4g)、シャクヤク(2.4g)、センキュウ(2.4g)、トウキ(2.4g)、ビャクジュツ(2.4g)、カンゾウ(1.6g),含水二酸化ケイ素、ステアリン酸マグネシウム、アメ粉,3包(6g),"食前または食間に服用してください。
食間とは……食後2～3時間を指します。

［年齢：1回量：1日服用回数］
大人（15歳以上）：1包または2.0g：3回
15歳未満7歳以上：2／3包または1.3g：3回
7歳未満4歳以上：1／2包または1.0g：3回
4歳未満2歳以上：1／3包または0.7g：3回

（大入り剤に添付のサジは、すり切り一杯で約0.6gです）","■相談すること
 

 1．次の人は服用前に医師、薬剤師または登録販売者に相談してください
　（1）医師の治療を受けている人。
　（2）妊婦または妊娠していると思われる人。
　（3）体の虚弱な人（体力の衰えている人、体の弱い人）。
　（4）胃腸の弱い人。
　（5）下痢しやすい人。
　（6）高齢者。
　（7）今までに薬などにより発疹・発赤、かゆみ等を起こしたことがある人。
　（8）次の症状のある人。
　　むくみ
　（9）次の診断を受けた人。
　　高血圧、心臓病、腎臓病
2．服用後、次の症状があらわれた場合は副作用の可能性がありますので、直ちに服用を中止し、この文書を持って医師、薬剤師または登録販売者に相談してください

［関係部位：症状］
皮膚：発疹・発赤、かゆみ
消化器：吐き気・嘔吐、胃部不快感、食欲不振、胃部圧迫感、腹痛

　まれに次の重篤な症状が起こることがあります。その場合は直ちに医師の診療を受けてください。

［症状の名称：症状］
偽アルドステロン症：手足のだるさ、しびれ、つっぱり感やこわばりに加えて、脱力感、筋肉痛があらわれ、徐々に強くなる。
ミオパチー：手足のだるさ、しびれ、つっぱり感やこわばりに加えて、脱力感、筋肉痛があらわれ、徐々に強くなる。

3．服用後、次の症状があらわれることがありますので、このような症状の持続または増強が見られた場合には、服用を中止し、この文書を持って医師、薬剤師または登録販売者に相談してください
　下痢
4．1ヵ月位服用しても症状がよくならない場合は服用を中止し、この文書を持って医師、薬剤師または登録販売者に相談してください
5．長期連用する場合には、医師、薬剤師または登録販売者に相談してください",小児に服用させる場合には、保護者の指導監督のもとに服用させてください。
六味丸エキス細粒G「コタロー」,https://www.kegg.jp/medicus-bin/japic_otc?japic_code=J1001000386,六味丸,体力中等度以下で、疲れやすくて尿量減少又は多尿で、ときに手足のほてり、口渇があるものの次の諸症：排尿困難、残尿感、頻尿、むくみ、かゆみ、夜尿症、しびれ,"小さなお子さんが虚弱体質で発育が悪いとか、また中高年になって昔ほど元気がなくなり、疲れやすいといったことは、漢方では「腎」が虚していると考えます。
　腎虚はふだん元気な人でも心身を苛酷にすり減らした時とか、ある種の慢性的な病気でも、その根本に腎虚がみられることがあります。疲れやすくて、口が渇く、肌がかさついてかゆい、夜間多尿になったり、逆に尿の出が悪いといったこともそのひとつの現われです。
　六味丸エキス細粒G「コタロー」は、このような腎虚を改善する漢方薬です。",水製エキス(4.2g),ジオウ(4g)、サンシュユ(2.4g)、サンヤク(2.4g)、タクシャ(2.4g)、ブクリョウ(2.4g)、ボタンピ(2.4g),含水二酸化ケイ素、ステアリン酸マグネシウム,3包(6g),"食前または食間に服用してください。
食間とは……食後2～3時間を指します。

［年齢：1回量：1日服用回数］
大人（15歳以上）：1包または2.0g：3回
15歳未満7歳以上：2／3包または1.3g：3回
7歳未満4歳以上：1／2包または1.0g：3回
4歳未満2歳以上：1／3包または0.7g：3回
2歳未満：1／4包または0.5g：3回

（大入り剤に添付のサジは、すり切り一杯で約0.6gです）","■してはいけないこと
（守らないと現在の症状が悪化したり、副作用が起こりやすくなります）
 

 次の人は服用しないでください
　生後3ヵ月未満の乳児。
 


 ■相談すること
 

 1．次の人は服用前に医師、薬剤師または登録販売者に相談してください
　（1）医師の治療を受けている人。
　（2）妊婦または妊娠していると思われる人。
　（3）胃腸が弱く下痢しやすい人。
2．服用後、次の症状があらわれた場合は副作用の可能性がありますので、直ちに服用を中止し、この文書を持って医師、薬剤師または登録販売者に相談してください

［関係部位：症状］
消化器：食欲不振、胃部不快感、腹痛

3．服用後、次の症状があらわれることがありますので、このような症状の持続または増強が見られた場合には、服用を中止し、この文書を持って医師、薬剤師または登録販売者に相談してください
　下痢
4．1ヵ月位服用しても症状がよくならない場合は服用を中止し、この文書を持って医師、薬剤師または登録販売者に相談してください","（1）小児に服用させる場合には、保護者の指導監督のもとに服用させてください。
（2）1歳未満の乳児には、医師の診療を受けさせることを優先し、止むを得ない場合にのみ服用させてください。"
